,Title,Year,Rated,Released,Runtime,Genre,Director,Writer,Actors,Plot,Language,Country,Awards,Poster,Ratings,Metascore,imdbRating,imdbVotes,imdbID,Type,DVD,BoxOffice,Production,Website,Response
0,The Godfather,1972,R,24 Mar 1972,175 min,"Crime, Drama",Francis Ford Coppola,"Mario Puzo (screenplay by), Francis Ford Coppola (screenplay by), Mario Puzo (based on the novel by)","Marlon Brando, Al Pacino, James Caan, Richard S. Castellano",The aging patriarch of an organized crime dynasty transfers control of his clandestine empire to his reluctant son.,"English, Italian, Latin",USA,Won 3 Oscars. Another 26 wins & 30 nominations.,https://m.media-amazon.com/images/M/MV5BM2MyNjYxNmUtYTAwNi00MTYxLWJmNWYtYzZlODY3ZTk3OTFlXkEyXkFqcGdeQXVyNzkwMjQ5NzM@._V1_SX300.jpg,"[{'Source': 'Internet Movie Database', 'Value': '9.2/10'}, {'Source': 'Rotten Tomatoes', 'Value': '98%'}, {'Source': 'Metacritic', 'Value': '100/100'}]",100,9.2,"1,509,742",tt0068646,movie,09 Oct 2001,N/A,Paramount Pictures,N/A,True
1,Candyman,1992,R,16 Oct 1992,99 min,"Horror, Thriller",Bernard Rose,"Clive Barker (based on ""The Forbidden"" by), Bernard Rose","Virginia Madsen, Tony Todd, Xander Berkeley, Kasi Lemmons","The Candyman, a murderous soul with a hook for a hand, is accidentally summoned to reality by a skeptic grad student researching the monster's myth.",English,"USA, UK",5 wins & 7 nominations.,https://m.media-amazon.com/images/M/MV5BYjVjYjhlNTQtN2UxOC00Njk5LWFjNDctODNjZTI1ZGM0ZDZkXkEyXkFqcGdeQXVyMTQxNzMzNDI@._V1_SX300.jpg,"[{'Source': 'Internet Movie Database', 'Value': '6.6/10'}, {'Source': 'Rotten Tomatoes', 'Value': '75%'}, {'Source': 'Metacritic', 'Value': '61/100'}]",61,6.6,"62,821",tt0103919,movie,07 Aug 2001,N/A,Sony Pictures Home Entertainment,N/A,True
2,The Shawshank Redemption,1994,R,14 Oct 1994,142 min,Drama,Frank Darabont,"Stephen King (short story ""Rita Hayworth and Shawshank Redemption""), Frank Darabont (screenplay)","Tim Robbins, Morgan Freeman, Bob Gunton, William Sadler","Two imprisoned men bond over a number of years, finding solace and eventual redemption through acts of common decency.",English,USA,Nominated for 7 Oscars. Another 21 wins & 35 nominations.,https://m.media-amazon.com/images/M/MV5BMDFkYTc0MGEtZmNhMC00ZDIzLWFmNTEtODM1ZmRlYWMwMWFmXkEyXkFqcGdeQXVyMTMxODk2OTU@._V1_SX300.jpg,"[{'Source': 'Internet Movie Database', 'Value': '9.3/10'}, {'Source': 'Rotten Tomatoes', 'Value': '90%'}, {'Source': 'Metacritic', 'Value': '80/100'}]",80,9.3,"2,188,727",tt0111161,movie,27 Jan 1998,N/A,Columbia Pictures,N/A,True
3,Titanic,1997,PG-13,19 Dec 1997,194 min,"Drama, Romance",James Cameron,James Cameron,"Leonardo DiCaprio, Kate Winslet, Billy Zane, Kathy Bates","A seventeen-year-old aristocrat falls in love with a kind but poor artist aboard the luxurious, ill-fated R.M.S. Titanic.","English, Swedish, Italian",USA,Won 11 Oscars. Another 114 wins & 83 nominations.,https://m.media-amazon.com/images/M/MV5BMDdmZGU3NDQtY2E5My00ZTliLWIzOTUtMTY4ZGI1YjdiNjk3XkEyXkFqcGdeQXVyNTA4NzY1MzY@._V1_SX300.jpg,"[{'Source': 'Internet Movie Database', 'Value': '7.8/10'}, {'Source': 'Rotten Tomatoes', 'Value': '89%'}, {'Source': 'Metacritic', 'Value': '75/100'}]",75,7.8,"993,202",tt0120338,movie,10 Sep 2012,N/A,Paramount Pictures,N/A,True
4,Miracle,2004,PG,06 Feb 2004,135 min,"Biography, Drama, History, Sport",Gavin O'Connor,Eric Guggenheim,"Kurt Russell, Patricia Clarkson, Noah Emmerich, Sean McCann","The true story of Herb Brooks, the player-turned-coach who led the 1980 U.S. Olympic hockey team to victory over the seemingly invincible Soviet squad.",English,"Canada, USA",2 wins & 4 nominations.,https://m.media-amazon.com/images/M/MV5BMjEyOTk1OTcyNV5BMl5BanBnXkFtZTYwNjMzNDU3._V1_SX300.jpg,"[{'Source': 'Internet Movie Database', 'Value': '7.5/10'}, {'Source': 'Rotten Tomatoes', 'Value': '80%'}, {'Source': 'Metacritic', 'Value': '68/100'}]",68,7.5,"44,974",tt0349825,movie,25 May 2004,"$64,329,473",Buena Vista Pictures,N/A,True
5,Casino Royale,2006,PG-13,17 Nov 2006,144 min,"Action, Adventure, Thriller",Martin Campbell,"Neal Purvis (screenplay), Robert Wade (screenplay), Paul Haggis (screenplay), Ian Fleming (novel)","Daniel Craig, Eva Green, Mads Mikkelsen, Judi Dench","After earning 00 status and a licence to kill, Secret Agent James Bond sets out on his first mission as 007. Bond must defeat a private banker funding terrorists in a high-stakes game of poker at Casino Royale, Montenegro.","Serbian, German, Italian, English, French","UK, Czech Republic, USA, Germany, Bahamas",Won 1 BAFTA Film Award. Another 26 wins & 44 nominations.,https://m.media-amazon.com/images/M/MV5BMDI5ZWJhOWItYTlhOC00YWNhLTlkNzctNDU5YTI1M2E1MWZhXkEyXkFqcGdeQXVyNTIzOTk5ODM@._V1_SX300.jpg,"[{'Source': 'Internet Movie Database', 'Value': '8.0/10'}, {'Source': 'Rotten Tomatoes', 'Value': '95%'}, {'Source': 'Metacritic', 'Value': '80/100'}]",80,8.0,"555,439",tt0381061,movie,13 Mar 2007,"$167,007,184",Sony,N/A,True
6,The Dark Knight,2008,PG-13,18 Jul 2008,152 min,"Action, Crime, Drama, Thriller",Christopher Nolan,"Jonathan Nolan (screenplay), Christopher Nolan (screenplay), Christopher Nolan (story), David S. Goyer (story), Bob Kane (characters)","Christian Bale, Heath Ledger, Aaron Eckhart, Michael Caine","When the menace known as the Joker wreaks havoc and chaos on the people of Gotham, Batman must accept one of the greatest psychological and physical tests of his ability to fight injustice.","English, Mandarin","USA, UK",Won 2 Oscars. Another 153 wins & 159 nominations.,https://m.media-amazon.com/images/M/MV5BMTMxNTMwODM0NF5BMl5BanBnXkFtZTcwODAyMTk2Mw@@._V1_SX300.jpg,"[{'Source': 'Internet Movie Database', 'Value': '9.0/10'}, {'Source': 'Rotten Tomatoes', 'Value': '94%'}, {'Source': 'Metacritic', 'Value': '84/100'}]",84,9.0,"2,173,344",tt0468569,movie,09 Dec 2008,"$533,316,061",Warner Bros. Pictures/Legendary,N/A,True
7,Contagion,2011,PG-13,09 Sep 2011,106 min,"Action, Drama, Sci-Fi, Thriller",Steven Soderbergh,Scott Z. Burns,"Gwyneth Paltrow, Tien You Chui, Josie Ho, Daria Strokous","Healthcare professionals, government officials and everyday people find themselves in the midst of a worldwide epidemic as the CDC works to find a cure.","English, Mandarin, Cantonese","United Arab Emirates, USA",2 wins & 14 nominations.,https://m.media-amazon.com/images/M/MV5BMTY3MDk5MDc3OV5BMl5BanBnXkFtZTcwNzAyNTg0Ng@@._V1_SX300.jpg,"[{'Source': 'Internet Movie Database', 'Value': '6.6/10'}, {'Source': 'Rotten Tomatoes', 'Value': '84%'}, {'Source': 'Metacritic', 'Value': '70/100'}]",70,6.6,"212,027",tt1598778,movie,03 Jan 2012,"$75,638,743",Warner Bros.,N/A,True
8,Snowpiercer,2013,R,11 Jul 2014,126 min,"Action, Drama, Sci-Fi",Bong Joon Ho,"Bong Joon Ho (screenplay), Kelly Masterson (screenplay), Bong Joon Ho (screen story), Jacques Lob (based on Le Transperceneige by), Benjamin Legrand (based on Le Transperceneige by), Jean-Marc Rochette (based on Le Transperceneige by)","Chris Evans, Kang-ho Song, Ed Harris, John Hurt","In a future where a failed climate-change experiment has killed all life except for the lucky few who boarded the Snowpiercer, a train that travels around the globe, a new class system emerges.","English, Korean, French, Japanese, Czech, German","South Korea, Czech Republic",33 wins & 104 nominations.,https://m.media-amazon.com/images/M/MV5BOTdjM2NmZTgtYTFlMS00ZWE1LWExNzItZWEyZGE3NjE3OWQ5XkEyXkFqcGdeQXVyNTIzOTk5ODM@._V1_SX300.jpg,"[{'Source': 'Internet Movie Database', 'Value': '7.1/10'}, {'Source': 'Rotten Tomatoes', 'Value': '95%'}, {'Source': 'Metacritic', 'Value': '84/100'}]",84,7.1,"263,581",tt1706620,movie,21 Oct 2014,"$2,786,828",Radius-TWC,N/A,True
9,Mr. Right,2015,R,08 Apr 2016,95 min,"Action, Comedy, Romance",Paco Cabezas,Max Landis,"Sam Rockwell, Anna Kendrick, Tim Roth, James Ransone","A girl falls for the ""perfect"" guy, who happens to have a very fatal flaw: he's a hitman on the run from the crime cartels who employ him.",English,USA,2 nominations.,https://m.media-amazon.com/images/M/MV5BOTcxNjUyOTMwOV5BMl5BanBnXkFtZTgwMzUxMDk4NzE@._V1_SX300.jpg,"[{'Source': 'Internet Movie Database', 'Value': '6.3/10'}, {'Source': 'Rotten Tomatoes', 'Value': '44%'}, {'Source': 'Metacritic', 'Value': '52/100'}]",52,6.3,"45,452",tt2091935,movie,07 Jun 2016,"$25,369",Circle of Confusion,N/A,True
10,Suicide Squad,2016,PG-13,05 Aug 2016,123 min,"Action, Adventure, Fantasy, Sci-Fi",David Ayer,David Ayer,"Will Smith, Jaime FitzSimons, Ike Barinholtz, Margot Robbie",A secret government agency recruits some of the most dangerous incarcerated super-villains to form a defensive task force. Their first mission: save the world from the apocalypse.,"English, Japanese, Spanish",USA,Won 1 Oscar. Another 16 wins & 39 nominations.,https://m.media-amazon.com/images/M/MV5BMjM1OTMxNzUyM15BMl5BanBnXkFtZTgwNjYzMTIzOTE@._V1_SX300.jpg,"[{'Source': 'Internet Movie Database', 'Value': '6.0/10'}, {'Source': 'Rotten Tomatoes', 'Value': '27%'}, {'Source': 'Metacritic', 'Value': '40/100'}]",40,6.0,"565,160",tt1386697,movie,13 Dec 2016,"$325,021,779",Warner Bros. Pictures,N/A,True
11,Hidden Figures,2016,PG,06 Jan 2017,127 min,"Biography, Drama, History",Theodore Melfi,"Allison Schroeder (screenplay by), Theodore Melfi (screenplay by), Margot Lee Shetterly (based on the book by)","Taraji P. Henson, Octavia Spencer, Janelle Monáe, Kevin Costner",The story of a team of female African-American mathematicians who served a vital role in NASA during the early years of the U.S. space program.,English,USA,Nominated for 3 Oscars. Another 37 wins & 85 nominations.,https://m.media-amazon.com/images/M/MV5BMzg2Mzg4YmUtNDdkNy00NWY1LWE3NmEtZWMwNGNlMzE5YzU3XkEyXkFqcGdeQXVyMjA5MTIzMjQ@._V1_SX300.jpg,"[{'Source': 'Internet Movie Database', 'Value': '7.8/10'}, {'Source': 'Rotten Tomatoes', 'Value': '93%'}, {'Source': 'Metacritic', 'Value': '74/100'}]",74,7.8,"182,441",tt4846340,movie,11 Apr 2017,"$169,385,416",20th Century Fox,N/A,True
12,It,2017,R,08 Sep 2017,135 min,Horror,Andy Muschietti,"Chase Palmer (screenplay by), Cary Joji Fukunaga (screenplay by), Gary Dauberman (screenplay by), Stephen King (based on the novel by)","Jaeden Martell, Jeremy Ray Taylor, Sophia Lillis, Finn Wolfhard","In the summer of 1989, a group of bullied kids band together to destroy a shape-shifting monster, which disguises itself as a clown and preys on the children of Derry, their small Maine town.",English,"USA, Canada",8 wins & 45 nominations.,https://m.media-amazon.com/images/M/MV5BZDVkZmI0YzAtNzdjYi00ZjhhLWE1ODEtMWMzMWMzNDA0NmQ4XkEyXkFqcGdeQXVyNzYzODM3Mzg@._V1_SX300.jpg,"[{'Source': 'Internet Movie Database', 'Value': '7.3/10'}, {'Source': 'Rotten Tomatoes', 'Value': '86%'}, {'Source': 'Metacritic', 'Value': '69/100'}]",69,7.3,"420,881",tt1396484,movie,09 Jan 2018,"$326,898,358",Warner Bros. Pictures,N/A,True
13,Blade Runner 2049,2017,R,06 Oct 2017,164 min,"Action, Drama, Mystery, Sci-Fi, Thriller",Denis Villeneuve,"Hampton Fancher (screenplay by), Michael Green (screenplay by), Hampton Fancher (story by), Philip K. Dick (based on characters from the novel ""Do Androids Dream of Electric Sheep?"" by)","Ryan Gosling, Dave Bautista, Robin Wright, Mark Arnold","A young blade runner's discovery of a long-buried secret leads him to track down former blade runner Rick Deckard, who's been missing for thirty years.","English, Finnish, Japanese, Hungarian, Russian, Somali, Spanish","USA, UK, Hungary, Canada, Spain",Won 2 Oscars. Another 97 wins & 156 nominations.,https://m.media-amazon.com/images/M/MV5BNzA1Njg4NzYxOV5BMl5BanBnXkFtZTgwODk5NjU3MzI@._V1_SX300.jpg,"[{'Source': 'Internet Movie Database', 'Value': '8.0/10'}, {'Source': 'Rotten Tomatoes', 'Value': '87%'}, {'Source': 'Metacritic', 'Value': '81/100'}]",81,8.0,"412,480",tt1856101,movie,16 Jan 2018,"$91,800,042",Warner Bros. Pictures,N/A,True
14,Jumanji: Welcome to the Jungle,2017,PG-13,20 Dec 2017,119 min,"Action, Adventure, Comedy, Fantasy",Jake Kasdan,"Chris McKenna (screenplay by), Erik Sommers (screenplay by), Scott Rosenberg (screenplay by), Jeff Pinkner (screenplay by), Chris McKenna (screen story by), Chris Van Allsburg (based on the book ""Jumanji"" by), Greg Taylor (based on the film ""Jumanji"" screen story by), Chris Van Allsburg (based on the film ""Jumanji"" screen story by), Jonathan Hensleigh (based on the film ""Jumanji"" screenplay by), Greg Taylor (based on the film ""Jumanji"" screenplay by), Jim Strain (based on the film ""Jumanji"" by)","Dwayne Johnson, Kevin Hart, Jack Black, Karen Gillan","Four teenagers are sucked into a magical video game, and the only way they can escape is to work together to finish the game.",English,"USA, India, Canada, UK, Australia, Germany",5 wins & 14 nominations.,https://m.media-amazon.com/images/M/MV5BODQ0NDhjYWItYTMxZi00NTk2LWIzNDEtOWZiYWYxZjc2MTgxXkEyXkFqcGdeQXVyMTQxNzMzNDI@._V1_SX300.jpg,"[{'Source': 'Internet Movie Database', 'Value': '6.9/10'}, {'Source': 'Rotten Tomatoes', 'Value': '76%'}, {'Source': 'Metacritic', 'Value': '58/100'}]",58,6.9,"284,295",tt2283362,movie,20 Mar 2018,"$393,201,353",Columbia Pictures,N/A,True
15,A Quiet Place,2018,PG-13,06 Apr 2018,90 min,"Drama, Horror, Sci-Fi",John Krasinski,"Bryan Woods (screenplay by), Scott Beck (screenplay by), John Krasinski (screenplay by), Bryan Woods (story by), Scott Beck (story by)","Emily Blunt, John Krasinski, Millicent Simmonds, Noah Jupe","In a post-apocalyptic world, a family is forced to live in silence while hiding from monsters with ultra-sensitive hearing.","English, American Sign Language",USA,Nominated for 1 Oscar. Another 33 wins & 108 nominations.,https://m.media-amazon.com/images/M/MV5BMjI0MDMzNTQ0M15BMl5BanBnXkFtZTgwMTM5NzM3NDM@._V1_SX300.jpg,"[{'Source': 'Internet Movie Database', 'Value': '7.5/10'}, {'Source': 'Rotten Tomatoes', 'Value': '95%'}, {'Source': 'Metacritic', 'Value': '82/100'}]",82,7.5,"350,809",tt6644200,movie,10 Jul 2018,N/A,Paramount Pictures,N/A,True
16,The Lodge,2019,R,07 Feb 2020,108 min,"Drama, Horror, Thriller","Severin Fiala, Veronika Franz","Sergio Casci, Severin Fiala, Veronika Franz","Richard Armitage, Riley Keough, Alicia Silverstone, Jaeden Martell","A soon-to-be stepmom is snowed in with her fiancé's two children at a remote holiday village. Just as relations begin to thaw between the trio, some strange and frightening events take place.",English,"UK, Canada, USA",4 nominations.,https://m.media-amazon.com/images/M/MV5BNDQ2YWVmZjEtMTE1ZS00MDk1LTg5ODUtMDVlODk0OTM2ODMwXkEyXkFqcGdeQXVyMTkxNjUyNQ@@._V1_SX300.jpg,"[{'Source': 'Internet Movie Database', 'Value': '6.7/10'}, {'Source': 'Rotten Tomatoes', 'Value': '72%'}, {'Source': 'Metacritic', 'Value': '70/100'}]",70,6.7,"1,349",tt7347846,movie,N/A,N/A,NEON,N/A,True
17,Honey Boy,2019,R,27 Nov 2019,94 min,Drama,Alma Har'el,Shia LaBeouf,"Shia LaBeouf, Lucas Hedges, Noah Jupe, Byron Bowers",A young actor's stormy childhood and early adult years as he struggles to reconcile with his father and deal with his mental health.,English,USA,8 wins & 32 nominations.,https://m.media-amazon.com/images/M/MV5BZWQ5YThjZjAtNWM3ZC00MDJjLWIzNDktY2Y2Y2FmMTFiNWJmXkEyXkFqcGdeQXVyMTA2MDQ3MTQ3._V1_SX300.jpg,"[{'Source': 'Internet Movie Database', 'Value': '7.4/10'}, {'Source': 'Rotten Tomatoes', 'Value': '93%'}, {'Source': 'Metacritic', 'Value': '73/100'}]",73,7.4,"5,521",tt8151874,movie,07 Feb 2019,N/A,Amazon Studios,N/A,True
18,Fighting with My Family,2019,PG-13,22 Feb 2019,108 min,"Biography, Comedy, Drama, Sport",Stephen Merchant,Stephen Merchant,"Dwayne Johnson, Thomas Whilley, Tori Ellen Ross, Nick Frost",A former wrestler and his family make a living performing at small venues around the country while his kids dream of joining World Wrestling Entertainment.,English,"UK, USA, Mexico",10 wins & 2 nominations.,https://m.media-amazon.com/images/M/MV5BNWM0NGUxMzUtMjRlZS00OWZlLTlkZDMtMzJhOWVmZDY2ODczXkEyXkFqcGdeQXVyOTQxNzM2MjY@._V1_SX300.jpg,"[{'Source': 'Internet Movie Database', 'Value': '7.1/10'}, {'Source': 'Rotten Tomatoes', 'Value': '93%'}, {'Source': 'Metacritic', 'Value': '68/100'}]",68,7.1,"51,508",tt6513120,movie,14 May 2019,N/A,MGM,N/A,True
19,Alita: Battle Angel,2019,PG-13,14 Feb 2019,122 min,"Action, Adventure, Sci-Fi, Thriller",Robert Rodriguez,"James Cameron (screenplay by), Laeta Kalogridis (screenplay by), Yukito Kishiro (based on the graphic novel series ""Gunnm"" by)","Rosa Salazar, Christoph Waltz, Jennifer Connelly, Mahershala Ali","A deactivated cyborg is revived, but cannot remember anything of her past life and goes on a quest to find out who she is.","English, Spanish",USA,6 wins & 26 nominations.,https://m.media-amazon.com/images/M/MV5BNzVhMjcxYjYtOTVhOS00MzQ1LWFiNTAtZmY2ZmJjNjIxMjllXkEyXkFqcGdeQXVyNTc5OTMwOTQ@._V1_SX300.jpg,"[{'Source': 'Internet Movie Database', 'Value': '7.3/10'}, {'Source': 'Rotten Tomatoes', 'Value': '61%'}, {'Source': 'Metacritic', 'Value': '53/100'}]",53,7.3,"190,307",tt0437086,movie,09 Jul 2019,N/A,20th Century Fox,N/A,True
20,Girl on the Third Floor,2019,N/A,25 Oct 2019,93 min,Horror,Travis Stevens,"Trent Haaga (story), Paul Johnstone (based on a story by), Ben Parker (based on a story by), Travis Stevens","C.M. Punk, Trieste Kelly Dunn, Sarah Brooks, Elissa Dowling","Don Koch tries to renovate a rundown mansion with a sordid history for his growing family, only to learn that the house has other plans.",English,USA,1 win & 1 nomination.,https://m.media-amazon.com/images/M/MV5BNmM3ZTJmMmYtYjhlOS00MzkzLWJkYWQtN2E0NjZlZGM3NDc5XkEyXkFqcGdeQXVyMjM4NTM5NDY@._V1_SX300.jpg,"[{'Source': 'Internet Movie Database', 'Value': '4.8/10'}, {'Source': 'Rotten Tomatoes', 'Value': '80%'}, {'Source': 'Metacritic', 'Value': '65/100'}]",65,4.8,"2,591",tt9026184,movie,25 Oct 2019,N/A,Queensbury Pictures,N/A,True
21,After,2019,PG-13,12 Apr 2019,105 min,"Drama, Romance",Jenny Gage,"Tom Betterton (screenplay by), Tamara Chestna (screenplay by), Jenny Gage (screenplay by), Susan McMartin (screenplay by), Anna Todd (novel)","Josephine Langford, Hero Fiennes Tiffin, Khadijha Red Thunder, Dylan Arnold",A young woman falls for a guy with a dark secret and the two embark on a rocky relationship. Based on the novel by Anna Todd.,English,USA,4 wins.,https://m.media-amazon.com/images/M/MV5BOGUwMjk3YzktNDI0Yy00MzFiLWFjNmEtYTA2ODVjMzNhODhjXkEyXkFqcGdeQXVyOTQ1MDI4MzY@._V1_SX300.jpg,"[{'Source': 'Internet Movie Database', 'Value': '5.4/10'}, {'Source': 'Rotten Tomatoes', 'Value': '17%'}, {'Source': 'Metacritic', 'Value': '30/100'}]",30,5.4,"23,487",tt4126476,movie,09 Jul 2019,N/A,Aviron Pictures,N/A,True
22,Avengers: Endgame,2019,PG-13,26 Apr 2019,181 min,"Action, Adventure, Drama, Sci-Fi","Anthony Russo, Joe Russo","Christopher Markus (screenplay by), Stephen McFeely (screenplay by), Stan Lee (based on the Marvel comics by), Jack Kirby (based on the Marvel comics by), Joe Simon (Captain America created by), Jack Kirby (Captain America created by), Steve Englehart (Star-Lord created by), Steve Gan (Star-Lord created by), Bill Mantlo (Rocket Raccoon created by), Keith Giffen (Rocket Raccoon created by), Jim Starlin (Thanos,  Gamora & Drax created by), Stan Lee (Groot created by), Larry Lieber (Groot created by), Jack Kirby (Groot created by), Steve Englehart (Mantis created by), Don Heck (Mantis created by)","Robert Downey Jr., Chris Evans, Mark Ruffalo, Chris Hemsworth","After the devastating events of Avengers: Infinity War (2018), the universe is in ruins. With the help of remaining allies, the Avengers assemble once more in order to reverse Thanos' actions and restore balance to the universe.","English, Japanese, Xhosa, German",USA,Nominated for 1 Oscar. Another 46 wins & 97 nominations.,https://m.media-amazon.com/images/M/MV5BMTc5MDE2ODcwNV5BMl5BanBnXkFtZTgwMzI2NzQ2NzM@._V1_SX300.jpg,"[{'Source': 'Internet Movie Database', 'Value': '8.5/10'}, {'Source': 'Rotten Tomatoes', 'Value': '94%'}, {'Source': 'Metacritic', 'Value': '78/100'}]",78,8.5,"661,719",tt4154796,movie,30 Jul 2019,N/A,Marvel Studios,N/A,True
23,Rocketman,2019,R,31 May 2019,121 min,"Biography, Drama, Music, Musical",Dexter Fletcher,Lee Hall,"Taron Egerton, Jamie Bell, Richard Madden, Bryce Dallas Howard",A musical fantasy about the fantastical human story of Elton John's breakthrough years.,English,"UK, USA, Canada",Nominated for 1 Oscar. Another 20 wins & 59 nominations.,https://m.media-amazon.com/images/M/MV5BODY4MGNjN2QtN2EyOS00NmY5LThmYzMtZmUyNjUyN2VjNjlkXkEyXkFqcGdeQXVyMTQxNzMzNDI@._V1_SX300.jpg,"[{'Source': 'Internet Movie Database', 'Value': '7.4/10'}, {'Source': 'Metacritic', 'Value': '69/100'}]",69,7.4,"93,848",tt2066051,movie,N/A,N/A,Rocket Pictures,N/A,True
24,The Lighthouse,2019,R,01 Nov 2019,109 min,"Drama, Fantasy, Horror, Mystery",Robert Eggers,"Robert Eggers, Max Eggers","Robert Pattinson, Willem Dafoe, Valeriia Karaman, Logan Hawkes",Two lighthouse keepers try to maintain their sanity whilst living on a remote and mysterious New England island in the 1890s.,English,"Canada, USA",Nominated for 1 Oscar. Another 25 wins & 92 nominations.,https://m.media-amazon.com/images/M/MV5BZmE0MGJhNmYtOWNjYi00Njc5LWE2YjEtMWMxZTVmODUwMmMxXkEyXkFqcGdeQXVyMTkxNjUyNQ@@._V1_SX300.jpg,"[{'Source': 'Internet Movie Database', 'Value': '7.7/10'}, {'Source': 'Rotten Tomatoes', 'Value': '90%'}, {'Source': 'Metacritic', 'Value': '83/100'}]",83,7.7,"76,098",tt7984734,movie,07 Jan 2020,N/A,A24,N/A,True
25,Portrait of a Lady on Fire,2019,R,14 Feb 2020,121 min,"Drama, Romance",Céline Sciamma,Céline Sciamma (screenplay),"Noémie Merlant, Adèle Haenel, Luàna Bajrami, Valeria Golino","On an isolated island in Brittany at the end of the eighteenth century, a female painter is obliged to paint a wedding portrait of a young woman.","French, Italian",France,Nominated for 1 Golden Globe. Another 36 wins & 109 nominations.,https://m.media-amazon.com/images/M/MV5BNjgwNjkwOWYtYmM3My00NzI1LTk5OGItYWY0OTMyZTY4OTg2XkEyXkFqcGdeQXVyODk4OTc3MTY@._V1_SX300.jpg,"[{'Source': 'Internet Movie Database', 'Value': '8.2/10'}, {'Source': 'Metacritic', 'Value': '95/100'}]",95,8.2,"15,872",tt8613070,movie,N/A,N/A,N/A,N/A,True
26,Parasite,2019,R,08 Nov 2019,132 min,"Comedy, Crime, Drama, Thriller",Bong Joon Ho,"Bong Joon Ho (story), Bong Joon Ho (screenplay), Jin Won Han (screenplay)","Kang-ho Song, Sun-kyun Lee, Yeo-jeong Jo, Woo-sik Choi","All unemployed, Ki-taek and his family take peculiar interest in the wealthy and glamorous Parks, as they ingratiate themselves into their lives and get entangled in an unexpected incident.","Korean, English",South Korea,Nominated for 6 Oscars. Another 199 wins & 183 nominations.,https://m.media-amazon.com/images/M/MV5BYWZjMjk3ZTItODQ2ZC00NTY5LWE0ZDYtZTI3MjcwN2Q5NTVkXkEyXkFqcGdeQXVyODk4OTc3MTY@._V1_SX300.jpg,"[{'Source': 'Internet Movie Database', 'Value': '8.6/10'}, {'Source': 'Rotten Tomatoes', 'Value': '99%'}, {'Source': 'Metacritic', 'Value': '96/100'}]",96,8.6,"193,674",tt6751668,movie,14 Jan 2020,N/A,NEON,N/A,True
27,Once Upon a Time... in Hollywood,2019,R,26 Jul 2019,161 min,"Comedy, Drama",Quentin Tarantino,Quentin Tarantino,"Leonardo DiCaprio, Brad Pitt, Margot Robbie, Emile Hirsch",A faded television actor and his stunt double strive to achieve fame and success in the film industry during the final years of Hollywood's Golden Age in 1969 Los Angeles.,"English, German, Italian, Spanish","USA, UK, China",Nominated for 10 Oscars. Another 108 wins & 298 nominations.,https://m.media-amazon.com/images/M/MV5BOTg4ZTNkZmUtMzNlZi00YmFjLTk1MmUtNWQwNTM0YjcyNTNkXkEyXkFqcGdeQXVyNjg2NjQwMDQ@._V1_SX300.jpg,"[{'Source': 'Internet Movie Database', 'Value': '7.7/10'}, {'Source': 'Rotten Tomatoes', 'Value': '85%'}, {'Source': 'Metacritic', 'Value': '83/100'}]",83,7.7,"367,497",tt7131622,movie,22 Nov 2019,N/A,Columbia Pictures,N/A,True
28,Toy Story 4,2019,G,21 Jun 2019,100 min,"Animation, Adventure, Comedy, Family, Fantasy",Josh Cooley,"John Lasseter (original story by), Andrew Stanton (original story by), Josh Cooley (original story by), Valerie LaPointe (original story by), Rashida Jones (original story by), Will McCormack (original story by), Martin Hynes (original story by), Stephany Folsom (original story by), Andrew Stanton (screenplay by), Stephany Folsom (screenplay by), Josh Cooley (additional screenplay material by)","Tom Hanks, Tim Allen, Annie Potts, Tony Hale","When a new toy called ""Forky"" joins Woody and the gang, a road trip alongside old and new friends reveals how big the world can be for a toy.",English,USA,Nominated for 2 Oscars. Another 48 wins & 48 nominations.,https://m.media-amazon.com/images/M/MV5BMTYzMDM4NzkxOV5BMl5BanBnXkFtZTgwNzM1Mzg2NzM@._V1_SX300.jpg,"[{'Source': 'Internet Movie Database', 'Value': '7.9/10'}, {'Source': 'Rotten Tomatoes', 'Value': '97%'}, {'Source': 'Metacritic', 'Value': '84/100'}]",84,7.9,"150,731",tt1979376,movie,01 Oct 2019,N/A,Disney/Pixar,N/A,True
29,Midsommar,2019,R,03 Jul 2019,147 min,"Drama, Horror, Mystery, Thriller",Ari Aster,Ari Aster,"Florence Pugh, Jack Reynor, Vilhelm Blomgren, William Jackson Harper",A couple travels to Sweden to visit a rural hometown's fabled mid-summer festival. What begins as an idyllic retreat quickly devolves into an increasingly violent and bizarre competition at the hands of a pagan cult.,"English, Swedish","USA, Sweden",17 wins & 42 nominations.,https://m.media-amazon.com/images/M/MV5BMzQxNzQzOTQwM15BMl5BanBnXkFtZTgwMDQ2NTcwODM@._V1_SX300.jpg,"[{'Source': 'Internet Movie Database', 'Value': '7.2/10'}, {'Source': 'Rotten Tomatoes', 'Value': '83%'}, {'Source': 'Metacritic', 'Value': '72/100'}]",72,7.2,"116,052",tt8772262,movie,24 Sep 2019,N/A,A24,N/A,True
30,Pokémon: Mewtwo Strikes Back - Evolution,2019,TV-Y7,27 Feb 2020,98 min,"Animation, Action, Family, Fantasy","Motonori Sakakibara, Tetsuo Yajima, Kunihiko Yuyama","Takeshi Shudo (original script by), Satoshi Tajiri (characters), Aya Takaha, Eiji Umehara","Rikako Aikawa, Yôsuke Akimoto, James Carter Cathcart, Megumi Hayashibara","After a scientific experiment leads to the creation of a clone of Mewtwo, he sets out to destroy the world. Ash and his friends then decide to thwart Mewtwo's evil plans.",Japanese,Japan,N/A,https://m.media-amazon.com/images/M/MV5BZTliN2Q5YzEtYzAyYS00ZWMyLTkxYzEtODg5OGM2MzE3ZDY4XkEyXkFqcGdeQXVyMzc5ODkzNDE@._V1_SX300.jpg,"[{'Source': 'Internet Movie Database', 'Value': '6.0/10'}]",N/A,6.0,728,tt8856470,movie,N/A,N/A,N/A,N/A,True
31,The Lion King,2019,PG,19 Jul 2019,118 min,"Animation, Adventure, Drama, Family, Musical",Jon Favreau,"Jeff Nathanson (screenplay by), Irene Mecchi (based on: ""The Lion King"",  screenplay by), Jonathan Roberts (based on: ""The Lion King"",  screenplay by), Linda Woolverton (based on: ""The Lion King"",  screenplay by)","Chiwetel Ejiofor, John Oliver, James Earl Jones, John Kani","After the murder of his father, a young lion prince flees his kingdom only to learn the true meaning of responsibility and bravery.","English, Xhosa, Zulu, French, Spanish",USA,Nominated for 1 Oscar. Another 10 wins & 30 nominations.,https://m.media-amazon.com/images/M/MV5BMjIwMjE1Nzc4NV5BMl5BanBnXkFtZTgwNDg4OTA1NzM@._V1_SX300.jpg,"[{'Source': 'Internet Movie Database', 'Value': '6.9/10'}, {'Source': 'Rotten Tomatoes', 'Value': '53%'}, {'Source': 'Metacritic', 'Value': '55/100'}]",55,6.9,"162,301",tt6105098,movie,11 Oct 2019,N/A,Walt Disney Pictures,N/A,True
32,Marriage Story,2019,R,06 Dec 2019,137 min,"Comedy, Drama, Romance",Noah Baumbach,Noah Baumbach,"Adam Driver, Scarlett Johansson, Julia Greer, Azhy Robertson",Noah Baumbach's incisive and compassionate look at a marriage breaking up and a family staying together.,"English, Spanish","UK, USA",Won 1 Oscar. Another 114 wins & 222 nominations.,https://m.media-amazon.com/images/M/MV5BZGVmY2RjNDgtMTc3Yy00YmY0LTgwODItYzBjNWJhNTRlYjdkXkEyXkFqcGdeQXVyMjM4NTM5NDY@._V1_SX300.jpg,"[{'Source': 'Internet Movie Database', 'Value': '8.0/10'}, {'Source': 'Rotten Tomatoes', 'Value': '95%'}, {'Source': 'Metacritic', 'Value': '93/100'}]",93,8.0,"170,359",tt7653254,movie,06 Dec 2019,N/A,Netflix,N/A,True
33,Ad Astra,2019,PG-13,20 Sep 2019,123 min,"Adventure, Drama, Mystery, Sci-Fi, Thriller",James Gray,"James Gray, Ethan Gross","Brad Pitt, Tommy Lee Jones, Ruth Negga, Donald Sutherland","Astronaut Roy McBride undertakes a mission across an unforgiving solar system to uncover the truth about his missing father and his doomed expedition that now, 30 years later, threatens the universe.","English, Japanese, Russian, Norwegian","China, USA",Nominated for 1 Oscar. Another 7 wins & 48 nominations.,https://m.media-amazon.com/images/M/MV5BZTllZTdlOGEtZTBmMi00MGQ5LWFjN2MtOGEyZTliNGY1MzFiXkEyXkFqcGdeQXVyODk4OTc3MTY@._V1_SX300.jpg,"[{'Source': 'Internet Movie Database', 'Value': '6.6/10'}, {'Source': 'Rotten Tomatoes', 'Value': '84%'}, {'Source': 'Metacritic', 'Value': '80/100'}]",80,6.6,"140,461",tt2935510,movie,03 Dec 2019,N/A,20th Century Fox,N/A,True
34,Uncut Gems,2019,R,25 Dec 2019,135 min,"Crime, Drama, Thriller","Benny Safdie, Josh Safdie","Ronald Bronstein, Josh Safdie, Benny Safdie","Mesfin Lamengo, Sun Zhi Hua-Hilton, Liang Wei-Hui-Duncan, Sunny Wu Jin Zahao","A charismatic New York City jeweler always on the lookout for the next big score makes a series of high-stakes bets that could lead to the windfall of a lifetime. Howard must perform a precarious high-wire act, balancing business, family, and encroaching adversaries on all sides in his relentless pursuit of the ultimate win.","English, Hebrew",USA,25 wins & 71 nominations.,https://m.media-amazon.com/images/M/MV5BZDhkMjUyYjItYWVkYi00YTM5LWE4MGEtY2FlMjA3OThlYmZhXkEyXkFqcGdeQXVyODk4OTc3MTY@._V1_SX300.jpg,"[{'Source': 'Internet Movie Database', 'Value': '7.8/10'}, {'Source': 'Rotten Tomatoes', 'Value': '92%'}, {'Source': 'Metacritic', 'Value': '90/100'}]",90,7.8,"75,737",tt5727208,movie,25 Feb 2020,N/A,A24,N/A,True
35,Ford v Ferrari,2019,PG-13,15 Nov 2019,152 min,"Action, Biography, Drama, Sport",James Mangold,"Jez Butterworth, John-Henry Butterworth, Jason Keller","Matt Damon, Christian Bale, Jon Bernthal, Caitriona Balfe",American car designer Carroll Shelby and driver Ken Miles battle corporate interference and the laws of physics to build a revolutionary race car for Ford in order to defeat Ferrari at the 24 Hours of Le Mans in 1966.,"English, Italian, French, Japanese","USA, France",Won 2 Oscars. Another 21 wins & 69 nominations.,https://m.media-amazon.com/images/M/MV5BM2UwMDVmMDItM2I2Yi00NGZmLTk4ZTUtY2JjNTQ3OGQ5ZjM2XkEyXkFqcGdeQXVyMTA1OTYzOTUx._V1_SX300.jpg,"[{'Source': 'Internet Movie Database', 'Value': '8.2/10'}, {'Source': 'Metacritic', 'Value': '81/100'}]",81,8.2,"149,270",tt1950186,movie,N/A,N/A,20th Century Fox,N/A,True
36,Joker,2019,R,04 Oct 2019,122 min,"Crime, Drama, Thriller",Todd Phillips,"Todd Phillips, Scott Silver, Bob Kane (based on characters created by), Bill Finger (based on characters created by), Jerry Robinson (based on characters created by)","Joaquin Phoenix, Robert De Niro, Zazie Beetz, Frances Conroy","In Gotham City, mentally troubled comedian Arthur Fleck is disregarded and mistreated by society. He then embarks on a downward spiral of revolution and bloody crime. This path brings him face-to-face with his alter-ego: the Joker.",English,"USA, Canada",Won 2 Oscars. Another 57 wins & 163 nominations.,https://m.media-amazon.com/images/M/MV5BNGVjNWI4ZGUtNzE0MS00YTJmLWE0ZDctN2ZiYTk2YmI3NTYyXkEyXkFqcGdeQXVyMTkxNjUyNQ@@._V1_SX300.jpg,"[{'Source': 'Internet Movie Database', 'Value': '8.6/10'}, {'Source': 'Rotten Tomatoes', 'Value': '68%'}, {'Source': 'Metacritic', 'Value': '59/100'}]",59,8.6,"665,555",tt7286456,movie,17 Dec 2019,N/A,Warner Bros. Pictures,N/A,True
37,Knives Out,2019,PG-13,27 Nov 2019,131 min,"Comedy, Crime, Drama, Mystery, Thriller",Rian Johnson,Rian Johnson,"Daniel Craig, Chris Evans, Ana de Armas, Jamie Lee Curtis","A detective investigates the death of a patriarch of an eccentric, combative family.","English, Spanish, Hindi",USA,Nominated for 1 Oscar. Another 43 wins & 86 nominations.,https://m.media-amazon.com/images/M/MV5BMGUwZjliMTAtNzAxZi00MWNiLWE2NzgtZGUxMGQxZjhhNDRiXkEyXkFqcGdeQXVyNjU1NzU3MzE@._V1_SX300.jpg,"[{'Source': 'Internet Movie Database', 'Value': '8.0/10'}, {'Source': 'Rotten Tomatoes', 'Value': '97%'}, {'Source': 'Metacritic', 'Value': '82/100'}]",82,8.0,"189,130",tt8946378,movie,N/A,N/A,Lionsgate,N/A,True
38,Color Out of Space,2019,Unrated,05 Feb 2020,111 min,"Horror, Sci-Fi",Richard Stanley,"Scarlett Amaris, H.P. Lovecraft (based on the short story by), Richard Stanley (screenplay)","Nicolas Cage, Joely Richardson, Madeleine Arthur, Elliot Knight",A secluded farm is struck by a strange meteorite which has apocalyptic consequences for the family living there and possibly the world.,English,"Malaysia, Portugal, USA",2 wins & 1 nomination.,https://m.media-amazon.com/images/M/MV5BZjQ1YTM4M2UtMTQxNS00YjdjLTgwZGYtZTgzYmFiYjFkYzNlXkEyXkFqcGdeQXVyMTkxNjUyNQ@@._V1_SX300.jpg,"[{'Source': 'Internet Movie Database', 'Value': '6.3/10'}, {'Source': 'Rotten Tomatoes', 'Value': '85%'}, {'Source': 'Metacritic', 'Value': '70/100'}]",70,6.3,"6,188",tt5073642,movie,N/A,N/A,RLJE Films,N/A,True
39,A Beautiful Day in the Neighborhood,2019,PG,22 Nov 2019,109 min,"Biography, Drama",Marielle Heller,"Micah Fitzerman-Blue, Noah Harpster, Tom Junod (inspired by: the article ""Can You Say... Hero?"" by [the November 1998 Esquire Magazine article])","Tom Hanks, Matthew Rhys, Chris Cooper, Susan Kelechi Watson",Based on the true story of a real-life friendship between Fred Rogers and journalist Lloyd Vogel.,English,"China, USA",Nominated for 1 Oscar. Another 3 wins & 57 nominations.,https://m.media-amazon.com/images/M/MV5BYTc1OWFmZDYtNDkzMy00ZjM2LTkxZDItM2E3ZTg3NTE1ZWE2XkEyXkFqcGdeQXVyMTkxNjUyNQ@@._V1_SX300.jpg,"[{'Source': 'Internet Movie Database', 'Value': '7.4/10'}, {'Source': 'Metacritic', 'Value': '80/100'}]",80,7.4,"24,563",tt3224458,movie,N/A,N/A,Sony Pictures,N/A,True
40,Hustlers,2019,R,13 Sep 2019,110 min,"Comedy, Crime, Drama, Thriller",Lorene Scafaria,"Jessica Pressler (magazine article), Lorene Scafaria (screenplay)","Constance Wu, Jennifer Lopez, Julia Stiles, Mette Towley","Inspired by the viral New York Magazine article, Hustlers follows a crew of savvy former strip club employees who band together to turn the tables on their Wall Street clients.","English, Spanish, Russian",USA,Nominated for 1 Golden Globe. Another 18 wins & 63 nominations.,https://m.media-amazon.com/images/M/MV5BNjM5ZTNiNGMtMDA2OC00MDYyLWEyNzAtOWZmMzFlY2VmOWM4XkEyXkFqcGdeQXVyMTkxNjUyNQ@@._V1_SX300.jpg,"[{'Source': 'Internet Movie Database', 'Value': '6.4/10'}, {'Source': 'Rotten Tomatoes', 'Value': '87%'}, {'Source': 'Metacritic', 'Value': '79/100'}]",79,6.4,"50,553",tt5503686,movie,26 Nov 2019,N/A,STXfilms,N/A,True
41,Jojo Rabbit,2019,PG-13,08 Nov 2019,108 min,"Comedy, Drama, War",Taika Waititi,"Taika Waititi (screenplay), Christine Leunens (novel)","Roman Griffin Davis, Thomasin McKenzie, Scarlett Johansson, Taika Waititi",A young boy in Hitler's army finds out his mother is hiding a Jewish girl in their home.,"English, German","New Zealand, Czech Republic, USA",Won 1 Oscar. Another 30 wins & 142 nominations.,https://m.media-amazon.com/images/M/MV5BZjU0Yzk2MzEtMjAzYy00MzY0LTg2YmItM2RkNzdkY2ZhN2JkXkEyXkFqcGdeQXVyNDg4NjY5OTQ@._V1_SX300.jpg,"[{'Source': 'Internet Movie Database', 'Value': '8.0/10'}, {'Source': 'Rotten Tomatoes', 'Value': '80%'}, {'Source': 'Metacritic', 'Value': '58/100'}]",58,8.0,"125,254",tt2584384,movie,N/A,N/A,Fox Searchlight Pictures,N/A,True
42,Guns Akimbo,2019,R,28 Feb 2020,95 min,"Action, Comedy",Jason Lei Howden,Jason Lei Howden,"Daniel Radcliffe, Samara Weaving, Rhys Darby, Ned Dennehy",A guy relies on his newly-acquired gladiator skills to save his ex-girlfriend from kidnappers.,English,"UK, Germany, New Zealand",N/A,https://m.media-amazon.com/images/M/MV5BNzU3ZTI1OTktNjVkNy00OWEzLWIyNzAtMWQ5YjRkZDU1ZjAxXkEyXkFqcGdeQXVyODk4OTc3MTY@._V1_SX300.jpg,"[{'Source': 'Internet Movie Database', 'Value': '7.5/10'}, {'Source': 'Rotten Tomatoes', 'Value': '64%'}, {'Source': 'Metacritic', 'Value': '43/100'}]",43,7.5,"1,785",tt6902676,movie,N/A,N/A,Altitude Film Entertainment,N/A,True
43,21 Bridges,2019,R,22 Nov 2019,99 min,"Action, Crime, Drama, Thriller",Brian Kirk,"Adam Mervis (screenplay), Matthew Michael Carnahan (screenplay), Adam Mervis (story)","Chadwick Boseman, Sienna Miller, J.K. Simmons, Stephan James",An embattled NYPD detective is thrust into a citywide manhunt for a pair of cop killers after uncovering a massive and unexpected conspiracy.,English,USA,N/A,https://m.media-amazon.com/images/M/MV5BYTg4YzEzNDQtZDAxOS00M2YyLTljZWEtNjk4YTc4NDM2NTBhXkEyXkFqcGdeQXVyMTkxNjUyNQ@@._V1_SX300.jpg,"[{'Source': 'Internet Movie Database', 'Value': '6.5/10'}, {'Source': 'Rotten Tomatoes', 'Value': '51%'}, {'Source': 'Metacritic', 'Value': '51/100'}]",51,6.5,"14,286",tt8688634,movie,N/A,N/A,STXfilms,N/A,True
44,The Irishman,2019,R,27 Nov 2019,209 min,"Biography, Crime, Drama",Martin Scorsese,"Steven Zaillian (screenplay), Charles Brandt (book)","Robert De Niro, Al Pacino, Joe Pesci, Harvey Keitel",A mob hitman recalls his friend Jimmy Hoffa.,"English, Italian, Latin, Spanish, German",USA,Nominated for 10 Oscars. Another 62 wins & 298 nominations.,https://m.media-amazon.com/images/M/MV5BMGUyM2ZiZmUtMWY0OC00NTQ4LThkOGUtNjY2NjkzMDJiMWMwXkEyXkFqcGdeQXVyMzY0MTE3NzU@._V1_SX300.jpg,"[{'Source': 'Internet Movie Database', 'Value': '8.0/10'}, {'Source': 'Rotten Tomatoes', 'Value': '96%'}, {'Source': 'Metacritic', 'Value': '94/100'}]",94,8.0,"247,813",tt1302006,movie,27 Nov 2019,N/A,Netflix,N/A,True
45,Zombieland: Double Tap,2019,R,18 Oct 2019,99 min,"Action, Comedy, Horror",Ruben Fleischer,"Rhett Reese, Paul Wernick, Dave Callaham, Rhett Reese (based on characters created by), Paul Wernick (based on characters created by)","Woody Harrelson, Jesse Eisenberg, Emma Stone, Abigail Breslin","Columbus, Tallahassee, Wichita, and Little Rock move to the American heartland as they face off against evolved zombies, fellow survivors, and the growing pains of the snarky makeshift family.","English, Spanish, Italian, Inuktitut",USA,2 nominations.,https://m.media-amazon.com/images/M/MV5BYjcwNjZhNGYtOGNlNy00NGI3LTlmODMtMGZlMjA3YjA0Njg0XkEyXkFqcGdeQXVyMDM2NDM2MQ@@._V1_SX300.jpg,"[{'Source': 'Internet Movie Database', 'Value': '6.8/10'}, {'Source': 'Rotten Tomatoes', 'Value': '67%'}, {'Source': 'Metacritic', 'Value': '55/100'}]",55,6.8,"79,721",tt1560220,movie,24 Dec 2019,N/A,Columbia Pictures,N/A,True
46,Maleficent: Mistress of Evil,2019,PG,18 Oct 2019,119 min,"Adventure, Family, Fantasy",Joachim Rønning,"Linda Woolverton, Micah Fitzerman-Blue, Noah Harpster, Charles Perrault (based on: characters from ""La Belle Au Bois Dormant"" written by)","Angelina Jolie, Elle Fanning, Harris Dickinson, Michelle Pfeiffer","Maleficent and her goddaughter Aurora begin to question the complex family ties that bind them as they are pulled in different directions by impending nuptials, unexpected allies and dark new forces at play.",English,"USA, UK",Nominated for 1 Oscar. Another 1 win & 6 nominations.,https://m.media-amazon.com/images/M/MV5BZjJiYTExOTAtNWU0Yi00NzJjLTkwOTgtOTU2NWM1ZjJmYWVhXkEyXkFqcGdeQXVyMTkxNjUyNQ@@._V1_SX300.jpg,"[{'Source': 'Internet Movie Database', 'Value': '6.7/10'}, {'Source': 'Rotten Tomatoes', 'Value': '40%'}, {'Source': 'Metacritic', 'Value': '43/100'}]",43,6.7,"51,334",tt4777008,movie,31 Dec 2019,N/A,Walt Disney Pictures,N/A,True
47,Terminator: Dark Fate,2019,R,01 Nov 2019,128 min,"Action, Adventure, Sci-Fi",Tim Miller,"James Cameron (story by), Charles H. Eglee (story by), Josh Friedman (story by), David S. Goyer (story by), Justin Rhodes (story by), David S. Goyer (screenplay by), Justin Rhodes (screenplay by), Billy Ray (screenplay by), James Cameron (based on characters created by), Gale Anne Hurd (based on characters created by)","Linda Hamilton, Arnold Schwarzenegger, Mackenzie Davis, Natalia Reyes","An augmented human and Sarah Connor must stop an advanced liquid Terminator, from hunting down a young girl, whose fate is critical to the human race.","English, Spanish","USA, Spain, Hungary, China",1 win & 5 nominations.,https://m.media-amazon.com/images/M/MV5BOWExYzVlZDgtY2E1ZS00NTFjLWFmZWItZjI2NWY5ZWJiNTE4XkEyXkFqcGdeQXVyMTA3MTA4Mzgw._V1_SX300.jpg,"[{'Source': 'Internet Movie Database', 'Value': '6.3/10'}, {'Source': 'Rotten Tomatoes', 'Value': '70%'}, {'Source': 'Metacritic', 'Value': '54/100'}]",54,6.3,"87,298",tt6450804,movie,14 Jan 2020,N/A,Paramount Pictures,N/A,True
48,Midway,2019,PG-13,08 Nov 2019,138 min,"Action, Drama, History, War",Roland Emmerich,Wes Tooke,"Ed Skrein, Patrick Wilson, Woody Harrelson, Luke Evans","The story of the Battle of Midway, told by the leaders and the sailors who fought it.","English, Japanese, Mandarin","USA, China, Hong Kong, Canada",N/A,https://m.media-amazon.com/images/M/MV5BMGVkNGMyMGEtMDNmOC00ZGYyLWEzOTItODdjMzRlZTk4MzUwXkEyXkFqcGdeQXVyODM2Njg2OTg@._V1_SX300.jpg,"[{'Source': 'Internet Movie Database', 'Value': '6.7/10'}, {'Source': 'Rotten Tomatoes', 'Value': '42%'}, {'Source': 'Metacritic', 'Value': '47/100'}]",47,6.7,"29,633",tt6924650,movie,N/A,N/A,Summit Entertainment,N/A,True
49,Doctor Sleep,2019,R,08 Nov 2019,152 min,"Drama, Fantasy, Horror, Thriller",Mike Flanagan,"Stephen King (based on the novel by), Mike Flanagan (screenplay)","Ewan McGregor, Rebecca Ferguson, Kyliegh Curran, Cliff Curtis","Years following the events of ""The Shining,"" a now-adult Dan Torrance must protect a young girl with similar powers from a cult known as The True Knot, who prey on children with powers to remain immortal.",English,"USA, UK, Canada",6 wins & 18 nominations.,https://m.media-amazon.com/images/M/MV5BYmY3NGJlYTItYmQ4OS00ZTEwLWIzODItMjMzNWU2MDE0NjZhXkEyXkFqcGdeQXVyMzQzMDA3MTI@._V1_SX300.jpg,"[{'Source': 'Internet Movie Database', 'Value': '7.5/10'}, {'Source': 'Rotten Tomatoes', 'Value': '77%'}, {'Source': 'Metacritic', 'Value': '59/100'}]",59,7.5,"66,594",tt5606664,movie,N/A,N/A,Warner Bros. Pictures,N/A,True
50,Frozen II,2019,PG,22 Nov 2019,103 min,"Animation, Adventure, Comedy, Family, Fantasy, Musical","Chris Buck, Jennifer Lee","Jennifer Lee (screenplay by), Jennifer Lee (story by), Chris Buck (story by), Kristen Anderson-Lopez (story by), Robert Lopez (story by), Marc Smith (story by), Allison Schroeder (additional screenplay material by)","Kristen Bell, Idina Menzel, Josh Gad, Jonathan Groff","Anna, Elsa, Kristoff, Olaf and Sven leave Arendelle to travel to an ancient, autumn-bound forest of an enchanted land. They set out to find the origin of Elsa's powers in order to save their kingdom.",English,USA,Nominated for 1 Oscar. Another 6 wins & 68 nominations.,https://m.media-amazon.com/images/M/MV5BMjA0YjYyZGMtN2U0Ni00YmY4LWJkZTItYTMyMjY3NGYyMTJkXkEyXkFqcGdeQXVyNDg4NjY5OTQ@._V1_SX300.jpg,"[{'Source': 'Internet Movie Database', 'Value': '7.1/10'}, {'Source': 'Rotten Tomatoes', 'Value': '77%'}, {'Source': 'Metacritic', 'Value': '64/100'}]",64,7.1,"76,792",tt4520988,movie,25 Feb 2020,N/A,Walt Disney Pictures,N/A,True
51,Charlie's Angels,2019,PG-13,15 Nov 2019,118 min,"Action, Adventure, Comedy",Elizabeth Banks,"Elizabeth Banks (screenplay by), Evan Spiliotopoulos (story by), David Auburn (story by)","Kristen Stewart, Naomi Scott, Ella Balinska, Elizabeth Banks","When a young systems engineer blows the whistle on a dangerous technology, Charlie's Angels are called into action, putting their lives on the line to protect us all.",English,USA,1 win & 4 nominations.,https://m.media-amazon.com/images/M/MV5BN2VkMjQwZWMtMzc1NC00ZjJiLWJlNTMtNmRjOTE2ZTJmYzUwXkEyXkFqcGdeQXVyMjUxMTY3ODM@._V1_SX300.jpg,"[{'Source': 'Internet Movie Database', 'Value': '4.4/10'}, {'Source': 'Rotten Tomatoes', 'Value': '52%'}, {'Source': 'Metacritic', 'Value': '52/100'}]",52,4.4,"26,401",tt5033998,movie,N/A,N/A,Sony Pictures,N/A,True
52,Dark Waters,2019,PG-13,06 Dec 2019,126 min,"Biography, Drama, History, Thriller",Todd Haynes,"Nathaniel Rich (based on The New York Times magazine article ""The Lawyer Who Became DuPont's Worst Nightmare"" by), Mario Correa (screenplay), Matthew Michael Carnahan (screenplay)","Mark Ruffalo, Anne Hathaway, Tim Robbins, Bill Pullman",A corporate defense attorney takes on an environmental lawsuit against a chemical company that exposes a lengthy history of pollution.,English,USA,4 nominations.,https://m.media-amazon.com/images/M/MV5BODQ0M2Y5M2QtZGIwMC00MzJjLThlMzYtNmE3ZTMzZTYzOGEwXkEyXkFqcGdeQXVyMTkxNjUyNQ@@._V1_SX300.jpg,"[{'Source': 'Internet Movie Database', 'Value': '7.6/10'}, {'Source': 'Metacritic', 'Value': '73/100'}]",73,7.6,"11,972",tt9071322,movie,N/A,N/A,N/A,N/A,True
53,Queen & Slim,2019,R,27 Nov 2019,132 min,"Crime, Drama, Romance",Melina Matsoukas,"Lena Waithe (screenplay by), James Frey (story by), Lena Waithe (story by)","Daniel Kaluuya, Jodie Turner-Smith, Bokeem Woodbine, Chloë Sevigny",A couple's first date takes an unexpected turn when a police officer pulls them over.,English,"Canada, USA",9 wins & 27 nominations.,https://m.media-amazon.com/images/M/MV5BMjIzYmJkZmEtM2RkZS00MDA4LTg4NjAtOGRkN2EwZmFmMWE4XkEyXkFqcGdeQXVyNjg2NjQwMDQ@._V1_SX300.jpg,"[{'Source': 'Internet Movie Database', 'Value': '7.0/10'}, {'Source': 'Metacritic', 'Value': '74/100'}]",74,7.0,"8,122",tt8722346,movie,N/A,N/A,N/A,N/A,True
54,The Gentlemen,2019,R,24 Jan 2020,113 min,"Action, Crime",Guy Ritchie,"Guy Ritchie (screenplay by), Guy Ritchie (story by), Ivan Atkinson (story by), Marn Davies (story by)","Matthew McConaughey, Charlie Hunnam, Michelle Dockery, Jeremy Strong","An American expat tries to sell off his highly profitable marijuana empire in London, triggering plots, schemes, bribery and blackmail in an attempt to steal his domain out from under him.",English,USA,N/A,https://m.media-amazon.com/images/M/MV5BMTlkMmVmYjktYTc2NC00ZGZjLWEyOWUtMjc2MDMwMjQwOTA5XkEyXkFqcGdeQXVyNTI4MzE4MDU@._V1_SX300.jpg,"[{'Source': 'Internet Movie Database', 'Value': '8.1/10'}, {'Source': 'Metacritic', 'Value': '51/100'}]",51,8.1,"39,242",tt8367814,movie,N/A,N/A,N/A,N/A,True
55,1917,2019,R,10 Jan 2020,119 min,"Drama, War",Sam Mendes,"Sam Mendes, Krysty Wilson-Cairns","Dean-Charles Chapman, George MacKay, Daniel Mays, Colin Firth","April 6th, 1917. As a regiment assembles to wage war deep in enemy territory, two soldiers are assigned to race against time and deliver a message that will stop 1,600 men from walking straight into a deadly trap.","English, French, German","USA, UK, India, Spain, Canada",Won 3 Oscars. Another 103 wins & 152 nominations.,https://m.media-amazon.com/images/M/MV5BOTdmNTFjNDEtNzg0My00ZjkxLTg1ZDAtZTdkMDc2ZmFiNWQ1XkEyXkFqcGdeQXVyNTAzNzgwNTg@._V1_SX300.jpg,"[{'Source': 'Internet Movie Database', 'Value': '8.5/10'}, {'Source': 'Rotten Tomatoes', 'Value': '89%'}, {'Source': 'Metacritic', 'Value': '78/100'}]",78,8.5,"164,576",tt8579674,movie,10 Mar 2020,N/A,Universal Pictures,N/A,True
56,Jumanji: The Next Level,2019,PG-13,13 Dec 2019,123 min,"Action, Adventure, Comedy, Fantasy",Jake Kasdan,"Jake Kasdan, Jeff Pinkner, Scott Rosenberg, Chris Van Allsburg (based on the book ""Jumanji"" by)","Dwayne Johnson, Kevin Hart, Jack Black, Karen Gillan","In Jumanji: The Next Level, the gang is back but the game has changed. As they return to rescue one of their own, the players will have to brave parts unknown from arid deserts to snowy mountains, to escape the world's most dangerous game.",English,USA,2 nominations.,https://m.media-amazon.com/images/M/MV5BOTVjMmFiMDUtOWQ4My00YzhmLWE3MzEtODM1NDFjMWEwZTRkXkEyXkFqcGdeQXVyMTkxNjUyNQ@@._V1_SX300.jpg,"[{'Source': 'Internet Movie Database', 'Value': '6.9/10'}, {'Source': 'Rotten Tomatoes', 'Value': '71%'}, {'Source': 'Metacritic', 'Value': '58/100'}]",58,6.9,"80,264",tt7975244,movie,N/A,N/A,Sony Pictures,N/A,True
57,Spies in Disguise,2019,PG,25 Dec 2019,102 min,"Animation, Action, Adventure, Comedy, Family, Sci-Fi","Nick Bruno, Troy Quane","Lucas Martell (inspired by: the animated short film ""Pigeon: Impossible"" by), Cindy Davis (screen story by), Brad Copeland (screenplay by), Lloyd Taylor (screenplay by)","Rachel Brosnahan, Jarrett Bruno, Claire Crosby, Toru Uchikado","When the world's best spy is turned into a pigeon, he must rely on his nerdy tech officer to save the world.","English, Japanese",USA,3 nominations.,https://m.media-amazon.com/images/M/MV5BNzg1MzM3OWUtNjgzZC00NjMzLWE1NzAtOThiMDgyMjhhZDBhXkEyXkFqcGdeQXVyODkzNTgxMDg@._V1_SX300.jpg,"[{'Source': 'Internet Movie Database', 'Value': '6.8/10'}, {'Source': 'Metacritic', 'Value': '54/100'}]",54,6.8,"6,648",tt5814534,movie,N/A,N/A,Blue Sky/Chernin Entertainment,N/A,True
58,Little Women,2019,PG,25 Dec 2019,135 min,"Drama, Romance",Greta Gerwig,"Greta Gerwig, Louisa May Alcott (based on the novel by)","Saoirse Ronan, Emma Watson, Florence Pugh, Eliza Scanlen","Jo March reflects back and forth on her life, telling the beloved story of the March sisters - four young women each determined to live life on their own terms.","English, French",USA,Won 1 Oscar. Another 66 wins & 177 nominations.,https://m.media-amazon.com/images/M/MV5BY2QzYTQyYzItMzAwYi00YjZlLThjNTUtNzMyMDdkYzJiNWM4XkEyXkFqcGdeQXVyMTkxNjUyNQ@@._V1_SX300.jpg,"[{'Source': 'Internet Movie Database', 'Value': '8.0/10'}, {'Source': 'Rotten Tomatoes', 'Value': '95%'}, {'Source': 'Metacritic', 'Value': '91/100'}]",91,8.0,"63,852",tt3281548,movie,N/A,N/A,Sony Pictures,N/A,True
59,6 Underground,2019,R,13 Dec 2019,128 min,"Action, Adventure, Comedy, Thriller",Michael Bay,"Paul Wernick, Rhett Reese","Ryan Reynolds, Mélanie Laurent, Manuel Garcia-Rulfo, Ben Hardy","Meet a new kind of action hero. Six untraceable agents, totally off the grid. They've buried their pasts so they can change the future.","English, Turkmen, Cantonese, Italian, Spanish, Ukrainian, French",USA,2 nominations.,https://m.media-amazon.com/images/M/MV5BNzE2ZjQxNjEtNmI2ZS00ZmU0LTg4M2YtYzVhYmRiYWU0YzI1XkEyXkFqcGdeQXVyMTkxNjUyNQ@@._V1_SX300.jpg,"[{'Source': 'Internet Movie Database', 'Value': '6.1/10'}, {'Source': 'Rotten Tomatoes', 'Value': '36%'}, {'Source': 'Metacritic', 'Value': '41/100'}]",41,6.1,"101,225",tt8106534,movie,13 Dec 2019,N/A,Netflix,N/A,True
60,Bombshell,2019,R,20 Dec 2019,109 min,"Biography, Drama",Jay Roach,Charles Randolph,"Charlize Theron, Nicole Kidman, Margot Robbie, John Lithgow",A group of women take on Fox News head Roger Ailes and the toxic atmosphere he presided over at the network.,English,"USA, Canada",Won 1 Oscar. Another 21 wins & 51 nominations.,https://m.media-amazon.com/images/M/MV5BZjlhOWE3YjktY2MzOC00ZmQ1LWIwNjgtZmVhZmFjZGExMzgyXkEyXkFqcGdeQXVyMDA4NzMyOA@@._V1_SX300.jpg,"[{'Source': 'Internet Movie Database', 'Value': '6.8/10'}, {'Source': 'Metacritic', 'Value': '64/100'}]",64,6.8,"35,873",tt6394270,movie,N/A,N/A,N/A,N/A,True
61,The Body,2019,N/A,13 Dec 2019,101 min,"Mystery, Thriller",Jeethu Joseph,Oriol Paulo (based on the movie written by),"Emraan Hashmi, Rishi Kapoor, Sobhita Dhulipala, Vedika","When the body of a powerful businesswoman disappears from the morgue, the inspector in charge hunts for the truth. But when he questions her husband he realizes that there is much more to the case than meets the eye.","Hindi, English",India,N/A,https://m.media-amazon.com/images/M/MV5BNTFkNzU3MjEtZjFlMC00OTM3LWE2ZjUtZjViMzk5YjQxYWQ3XkEyXkFqcGdeQXVyODE5NzE3OTE@._V1_SX300.jpg,"[{'Source': 'Internet Movie Database', 'Value': '5.9/10'}]",N/A,5.9,458,tt8130904,movie,N/A,N/A,N/A,N/A,True
62,Star Wars: Episode IX - The Rise of Skywalker,2019,PG-13,20 Dec 2019,142 min,"Action, Adventure, Fantasy, Sci-Fi",J.J. Abrams,"Chris Terrio (screenplay by), J.J. Abrams (screenplay by), Derek Connolly (story by), Colin Trevorrow (story by), Chris Terrio (story by), J.J. Abrams (story by), George Lucas (based on characters created by)","Carrie Fisher, Mark Hamill, Adam Driver, Daisy Ridley","The surviving members of the resistance face the First Order once again, and the legendary conflict between the Jedi and the Sith reaches its peak bringing the Skywalker saga to its end.",English,USA,Nominated for 3 Oscars. Another 3 wins & 32 nominations.,https://m.media-amazon.com/images/M/MV5BMDljNTQ5ODItZmQwMy00M2ExLTljOTQtZTVjNGE2NTg0NGIxXkEyXkFqcGdeQXVyODkzNTgxMDg@._V1_SX300.jpg,"[{'Source': 'Internet Movie Database', 'Value': '6.9/10'}, {'Source': 'Rotten Tomatoes', 'Value': '52%'}, {'Source': 'Metacritic', 'Value': '53/100'}]",53,6.9,"249,352",tt2527338,movie,17 Mar 2020,N/A,Walt Disney Pictures,N/A,True
63,Dolittle,2020,PG,17 Jan 2020,101 min,"Action, Adventure, Comedy, Family, Fantasy",Stephen Gaghan,"Stephen Gaghan (screenplay by), Dan Gregor (screenplay by), Doug Mand (screenplay by), Chris McKay (screenplay by), Thomas Shepherd (screen story by), Hugh Lofting (character created by)","Robert Downey Jr., Antonio Banderas, Michael Sheen, Jim Broadbent",A physician who can talk to animals embarks on an adventure to find a legendary island with a young apprentice and a crew of strange pets.,English,"USA, China, UK",N/A,https://m.media-amazon.com/images/M/MV5BMDNkODA5ZGQtODczOS00OTQxLThhMTItMjk0ZmNhMDM0YjNmXkEyXkFqcGdeQXVyMDM2NDM2MQ@@._V1_SX300.jpg,"[{'Source': 'Internet Movie Database', 'Value': '5.5/10'}, {'Source': 'Rotten Tomatoes', 'Value': '14%'}, {'Source': 'Metacritic', 'Value': '26/100'}]",26,5.5,"16,038",tt6673612,movie,N/A,N/A,Universal Pictures,N/A,True
64,Bad Boys for Life,2020,R,17 Jan 2020,124 min,"Action, Comedy, Crime, Thriller","Adil El Arbi, Bilall Fallah","Chris Bremner (screenplay), Peter Craig (screenplay), Joe Carnahan (screenplay), Peter Craig (story), Joe Carnahan (story), George Gallo (characters)","Will Smith, Martin Lawrence, Vanessa Hudgens, Alexander Ludwig",The Bad Boys Mike Lowrey and Marcus Burnett are back together for one last ride in the highly anticipated Bad Boys for Life.,"English, Spanish","USA, Mexico",N/A,https://m.media-amazon.com/images/M/MV5BMWU0MGYwZWQtMzcwYS00NWVhLTlkZTAtYWVjOTYwZTBhZTBiXkEyXkFqcGdeQXVyMTkxNjUyNQ@@._V1_SX300.jpg,"[{'Source': 'Internet Movie Database', 'Value': '7.3/10'}, {'Source': 'Rotten Tomatoes', 'Value': '77%'}, {'Source': 'Metacritic', 'Value': '59/100'}]",59,7.3,"33,475",tt1502397,movie,N/A,N/A,Columbia Pictures,N/A,True
65,Sonic the Hedgehog,2020,PG,14 Feb 2020,99 min,"Action, Adventure, Family, Sci-Fi",Jeff Fowler,"Patrick Casey, Josh Miller, Yuji Naka (characters), Naoto Ohshima (characters), Hirokazu Yasuhara (characters)","Ben Schwartz, Tika Sumpter, Jim Carrey, James Marsden","After discovering a small, blue, fast hedgehog, a small-town police officer must help it defeat an evil genius who wants to do experiments on it.",English,"USA, Japan, Canada",N/A,https://m.media-amazon.com/images/M/MV5BNDc1ZTlmOWUtNDY2YS00OGU5LTg2MTYtYTk2MmQzMGE2NzUwXkEyXkFqcGdeQXVyODkzNTgxMDg@._V1_SX300.jpg,"[{'Source': 'Internet Movie Database', 'Value': '7.0/10'}, {'Source': 'Metacritic', 'Value': '46/100'}]",46,7.0,"6,908",tt3794354,movie,N/A,N/A,Paramount Pictures,N/A,True
66,Birds of Prey: And the Fantabulous Emancipation of One Harley Quinn,2020,R,07 Feb 2020,109 min,"Action, Adventure, Crime",Cathy Yan,Christina Hodson,"Margot Robbie, Rosie Perez, Mary Elizabeth Winstead, Jurnee Smollett-Bell","After splitting with the Joker, Harley Quinn joins superheroes Black Canary, Huntress and Renee Montoya to save a young girl from an evil crime lord.","English, Chinese","USA, UK",3 nominations.,https://m.media-amazon.com/images/M/MV5BMzQ3NTQxMjItODBjYi00YzUzLWE1NzQtZTBlY2Y2NjZlNzkyXkEyXkFqcGdeQXVyMTkxNjUyNQ@@._V1_SX300.jpg,"[{'Source': 'Internet Movie Database', 'Value': '6.6/10'}, {'Source': 'Rotten Tomatoes', 'Value': '79%'}, {'Source': 'Metacritic', 'Value': '60/100'}]",60,6.6,"42,728",tt7713068,movie,N/A,N/A,Warner Bros. Pictures,N/A,True
67,Downhill,2020,R,14 Feb 2020,86 min,"Comedy, Drama","Nat Faxon, Jim Rash","Jesse Armstrong (screenplay by), Nat Faxon (screenplay by), Jim Rash (screenplay by), Ruben Östlund (original screenplay)","Julia Louis-Dreyfus, Will Ferrell, Miranda Otto, Zoe Chao","Barely escaping an avalanche during a family ski vacation in the Alps, a married couple is thrown into disarray as they are forced to reevaluate their lives and how they feel about each other.",English,USA,N/A,https://m.media-amazon.com/images/M/MV5BM2QxMWFlOTktNWY0Mi00MDQ5LWExMTYtNThjZTFhNGZkZjk1XkEyXkFqcGdeQXVyMTkxNjUyNQ@@._V1_SX300.jpg,"[{'Source': 'Internet Movie Database', 'Value': '4.8/10'}, {'Source': 'Metacritic', 'Value': '49/100'}]",49,4.8,856,tt4558376,movie,N/A,N/A,N/A,N/A,True
68,The Last Thing He Wanted,2020,R,21 Feb 2020,115 min,"Crime, Drama, Mystery, Thriller",Dee Rees,"Joan Didion (novel), Dee Rees (screenplay), Marco Villalobos (screenplay)","Rosie Perez, Ben Affleck, Anne Hathaway, Willem Dafoe",A veteran D.C. journalist loses the thread of her own narrative when a guilt-propelled errand for her father thrusts her from byline to unwitting subject in the very story she's trying to break. Adapted from Joan Didion's namesake novel.,English,USA,N/A,https://m.media-amazon.com/images/M/MV5BMWI3ODZlNjgtNWM4OC00MDFhLTg2MmYtYjk3M2I0OWJmZmE2XkEyXkFqcGdeQXVyODkzNTgxMDg@._V1_SX300.jpg,"[{'Source': 'Internet Movie Database', 'Value': '5.4/10'}, {'Source': 'Metacritic', 'Value': '33/100'}]",33,5.4,93,tt7456312,movie,N/A,N/A,N/A,N/A,True
69,Horse Girl,2020,R,07 Feb 2020,103 min,"Drama, Mystery",Jeff Baena,"Jeff Baena, Alison Brie","Alison Brie, Molly Shannon, Goldenite, Stella Chestnut","A socially awkward woman with a fondness for arts and crafts, horses, and supernatural crime shows finds her increasingly lucid dreams trickling into her waking life.",English,USA,N/A,https://m.media-amazon.com/images/M/MV5BMjkxYjU5Y2ItOGE5Yi00ZTg2LTgzNmUtZjI3NTNlOWRhNzllXkEyXkFqcGdeQXVyODkzNTgxMDg@._V1_SX300.jpg,"[{'Source': 'Internet Movie Database', 'Value': '5.9/10'}, {'Source': 'Metacritic', 'Value': '61/100'}]",61,5.9,"4,641",tt11388406,movie,N/A,N/A,N/A,N/A,True
70,Gretel & Hansel,2020,PG-13,31 Jan 2020,87 min,"Fantasy, Horror, Thriller",Oz Perkins,Rob Hayes,"Sophia Lillis, Charles Babalola, Alice Krige, Jessica De Gouw","A long time ago in a distant fairy tale countryside, a young girl leads her little brother into a dark wood in desperate search of food and work, only to stumble upon a nexus of terrifying evil.",English,"Canada, Ireland, USA, South Africa",N/A,https://m.media-amazon.com/images/M/MV5BOTIyYWJjZDctODY4OC00NWExLWE2NTktZmY0MWY2YWZjMWIxXkEyXkFqcGdeQXVyMTkxNjUyNQ@@._V1_SX300.jpg,"[{'Source': 'Internet Movie Database', 'Value': '5.5/10'}, {'Source': 'Metacritic', 'Value': '64/100'}]",64,5.5,"2,676",tt9086228,movie,N/A,N/A,N/A,N/A,True
71,Fantasy Island,2020,PG-13,14 Feb 2020,110 min,"Adventure, Comedy, Horror",Jeff Wadlow,"Jillian Jacobs, Christopher Roach, Jeff Wadlow","Lucy Hale, Maggie Q, Portia Doubleday, Charlotte McKinney",A horror adaptation of the popular '70s TV show about a magical island resort.,English,USA,N/A,https://m.media-amazon.com/images/M/MV5BOWE2ODZhYWYtNTFiYy00MjdmLWIzZGEtNTkyOTc1NDIwMjk4XkEyXkFqcGdeQXVyMzY0MTE3NzU@._V1_SX300.jpg,"[{'Source': 'Internet Movie Database', 'Value': '4.7/10'}, {'Source': 'Metacritic', 'Value': '22/100'}]",22,4.7,"1,803",tt0983946,movie,N/A,N/A,Columbia Pictures,N/A,True
72,To All the Boys: P.S. I Still Love You,2020,TV-14,12 Feb 2020,101 min,"Drama, Romance",Michael Fimognari,"Sofia Alvarez (screenplay by), J. Mills Goodloe (screenplay by), Jenny Han (based on the novel by)","Lana Condor, Noah Centineo, Jordan Fisher, Anna Cathcart",Lara Jean and Peter have just taken their relationship from pretend to officially official when another recipient of one of her old love letters enters the picture.,English,USA,N/A,https://m.media-amazon.com/images/M/MV5BZjMwNDQ4NzMtOThmZi00NmMyLThkMWItMTA3MTg2YjdiZDRmXkEyXkFqcGdeQXVyMTMxODk2OTU@._V1_SX300.jpg,"[{'Source': 'Internet Movie Database', 'Value': '6.1/10'}, {'Source': 'Metacritic', 'Value': '54/100'}]",54,6.1,"11,056",tt9354842,movie,N/A,N/A,N/A,N/A,True
73,Emma.,2020,PG,14 Feb 2020,125 min,"Comedy, Drama",Autumn de Wilde,"Eleanor Catton (screenplay by), Jane Austen (based on the novel by)","Anya Taylor-Joy, Johnny Flynn, Bill Nighy, Mia Goth","In 1800s England, a well meaning but selfish young woman meddles in the love lives of her friends.",English,UK,N/A,https://m.media-amazon.com/images/M/MV5BOGRiODEzM2QtOTUyYi00MWRlLTg4MzMtZGI0YmUzNWUyMjQ0XkEyXkFqcGdeQXVyMDA4NzMyOA@@._V1_SX300.jpg,"[{'Source': 'Internet Movie Database', 'Value': '6.9/10'}, {'Source': 'Metacritic', 'Value': '70/100'}]",70,6.9,"2,104",tt9214832,movie,N/A,N/A,N/A,N/A,True
74,The Call of the Wild,2020,PG,21 Feb 2020,100 min,"Adventure, Drama, Family",Chris Sanders,"Michael Green (screenplay by), Jack London (based on the novel by)","Harrison Ford, Omar Sy, Cara Gee, Dan Stevens",A sled dog struggles for survival in the wilds of the Yukon.,English,USA,N/A,https://m.media-amazon.com/images/M/MV5BNWI1YzQwMDQtNzczMC00YWQ2LThmNjMtMThkMTFhNjBmMmQ3XkEyXkFqcGdeQXVyNDg4NjY5OTQ@._V1_SX300.jpg,"[{'Source': 'Internet Movie Database', 'Value': '6.9/10'}, {'Source': 'Metacritic', 'Value': '47/100'}]",47,6.9,"4,057",tt7504726,movie,N/A,N/A,N/A,N/A,True
75,Brahms: The Boy II,2020,PG-13,21 Feb 2020,86 min,"Drama, Horror, Mystery, Thriller",William Brent Bell,Stacey Menear,"Katie Holmes, Owain Yeoman, Christopher Convery, Ralph Ineson","After a family moves into the Heelshire Mansion, their young son soon makes friends with a life-like doll called Brahms.",English,USA,N/A,https://m.media-amazon.com/images/M/MV5BMTJlOGYzYTMtMjJjYi00YTcxLTgwOGMtYmY0YzJlZjM0NWQxXkEyXkFqcGdeQXVyMTAyNDYyNzcw._V1_SX300.jpg,"[{'Source': 'Internet Movie Database', 'Value': '4.3/10'}, {'Source': 'Rotten Tomatoes', 'Value': '10%'}, {'Source': 'Metacritic', 'Value': '29/100'}]",29,4.3,"1,267",tt9173418,movie,N/A,N/A,STXfilms,N/A,True
76,The Night Clerk,2020,R,21 Feb 2020,90 min,"Crime, Drama",Michael Cristofer,Michael Cristofer,"Tye Sheridan, Ana de Armas, Helen Hunt, Johnathon Schaech",Voyeuristic hotel clerk becomes the subject of a murder investigation.,English,USA,N/A,https://m.media-amazon.com/images/M/MV5BNTVjZGM0NTQtMDcyYi00Mzk5LTkyN2MtNWQxZjczMGIwOTAyXkEyXkFqcGdeQXVyMTkxNjUyNQ@@._V1_SX300.jpg,"[{'Source': 'Internet Movie Database', 'Value': '5.2/10'}, {'Source': 'Metacritic', 'Value': '46/100'}]",46,5.2,124,tt7979142,movie,N/A,N/A,N/A,N/A,True
77,Bloodshot,2020,PG-13,13 Mar 2020,109 min,"Action, Drama, Sci-Fi",Dave Wilson,"Jeff Wadlow (screenplay by), Eric Heisserer (screenplay by), Jeff Wadlow (story by), Kevin VanHook (comic book), Bob Layton (comic book), Don Perlin (comic book)","Eiza González, Sam Heughan, Vin Diesel, Guy Pearce","Ray Garrison, a slain soldier, is re-animated with superpowers.",English,USA,N/A,https://m.media-amazon.com/images/M/MV5BYjA5YjA2YjUtMGRlNi00ZTU4LThhZmMtNDc0OTg4ZWExZjI3XkEyXkFqcGdeQXVyNjUyNjI3NzU@._V1_SX300.jpg,"[{'Source': 'Internet Movie Database', 'Value': '7.5/10'}]",N/A,7.5,30,tt1634106,movie,N/A,N/A,N/A,N/A,True
78,Onward,2020,PG,06 Mar 2020,N/A,"Animation, Adventure, Comedy, Family, Fantasy",Dan Scanlon,"Dan Scanlon (screenplay by), Jason Headley (screenplay by), Keith Bunin (screenplay by)","Tom Holland, Chris Pratt, Julia Louis-Dreyfus, Octavia Spencer","Set in a suburban fantasy world, two teenage elf brothers embark on a quest to discover if there is still magic out there.",English,USA,N/A,https://m.media-amazon.com/images/M/MV5BMTZlYzk3NzQtMmViYS00YWZmLTk5ZTEtNWE0NGVjM2MzYWU1XkEyXkFqcGdeQXVyNDg4NjY5OTQ@._V1_SX300.jpg,"[{'Source': 'Rotten Tomatoes', 'Value': '82%'}]",N/A,N/A,N/A,tt7146812,movie,N/A,N/A,Disney/Pixar,N/A,True
79,Impractical Jokers: The Movie,2020,PG-13,21 Feb 2020,93 min,Comedy,Chris Henchy,"Joe Gatto, Chris Henchy, James Murray, Brian Quinn, Sal Vulcano","Brian Quinn, Joe Gatto, James Murray, Sal Vulcano",The story of a humiliating high school mishap from 1992 that sends the Impractical Jokers on the road competing in hidden-camera challenges for the chance to turn back the clock and redeem three of the four Jokers.,English,USA,N/A,https://m.media-amazon.com/images/M/MV5BMjUzMzFmZjItNTZjOS00YjA5LWEyZjAtNjRjYjdkZGVmYzA5XkEyXkFqcGdeQXVyNzE3ODQxNjU@._V1_SX300.jpg,[],N/A,N/A,N/A,tt9208444,movie,N/A,N/A,N/A,N/A,True
80,Shubh Mangal Zyada Saavdhan,2020,N/A,21 Feb 2020,N/A,Comedy,Hitesh Kewalya,Hitesh Kewalya,"Ayushmann Khurrana, Jitendra Kumar, Gajraj Rao, Neena Gupta","Presenting the life of two gay men who are in love, Shubh Mangal Zyada Saavdhan depicts their struggle to convince their families to accept the relationship. But things are never as easy as...",Hindi,India,N/A,https://m.media-amazon.com/images/M/MV5BMTNhOWM4Y2MtZDhjNC00ZTZmLWJkMDUtNGE4Nzg2MzhmMzY0XkEyXkFqcGdeQXVyOTAzMTc2MjA@._V1_SX300.jpg,[],N/A,N/A,N/A,tt10309906,movie,N/A,N/A,N/A,N/A,True
81,Bhoot: Part One - The Haunted Ship,2020,N/A,21 Feb 2020,114 min,Horror,Bhanu Pratap Singh,Bhanu Pratap Singh,"Vicky Kaushal, Bhumi Pednekar, Ashutosh Rana",Part 1 of 2 Part Horror film Starring Vicky Kaushal and Bhumi Pednekar.,Hindi,India,N/A,https://m.media-amazon.com/images/M/MV5BNzFlZjA1YzAtMmYwNy00NjQ5LWJkNDUtNzczYjc0NGViNjRjXkEyXkFqcGdeQXVyOTAzMTc2MjA@._V1_SX300.jpg,[],N/A,N/A,N/A,tt10463030,movie,N/A,N/A,N/A,N/A,True
82,The Invisible Man,2020,R,28 Feb 2020,110 min,"Horror, Sci-Fi, Thriller",Leigh Whannell,"Leigh Whannell (screenplay by), Leigh Whannell (story by), H.G. Wells (based on the novel by)","Elisabeth Moss, Oliver Jackson-Cohen, Aldis Hodge, Michael Dorman","When Cecilia's abusive ex takes his own life and leaves her his fortune, she suspects his death was a hoax. As a series of coincidences turn lethal, Cecilia works to prove that she is being hunted by someone nobody can see.",English,"Australia, USA",N/A,https://m.media-amazon.com/images/M/MV5BZjFhM2I4ZDYtZWMwNC00NTYzLWE3MDgtNjgxYmM3ZWMxYmVmXkEyXkFqcGdeQXVyMTkxNjUyNQ@@._V1_SX300.jpg,[],N/A,N/A,N/A,tt1051906,movie,N/A,N/A,Indie Rights,N/A,True
83,Superman: Red Son,2020,PG-13,25 Feb 2020,84 min,Animation,Sam Liu,"J.M. DeMatteis (screenplay), Mark Millar (graphic novel), Dave Johnson (graphic novel), Kilian Plunkett (graphic novel)","Jason Isaacs, Amy Acker, Tara Strong, Diedrich Bader","What if baby Kal-El's rocket landed, not in Kansas, but in the Soviet Union? That is the premise of this Elseworld's tale from DC Comics.",English,USA,N/A,https://m.media-amazon.com/images/M/MV5BOWQyZDkwMDAtZTZkMi00MTQyLTk2MDMtZDJiYWExNzRlOGE3XkEyXkFqcGdeQXVyNzU3NjUxMzE@._V1_SX300.jpg,[],N/A,N/A,N/A,tt10985510,movie,N/A,N/A,N/A,N/A,True
84,All the Bright Places,2020,N/A,28 Feb 2020,107 min,"Drama, Romance",Brett Haley,"Liz Hannah (screenplay), Jennifer Niven (novel), Jennifer Niven (screenplay)","Elle Fanning, Keegan-Michael Key, Alexandra Shipp, Virginia Gardner","The story of Violet and Theodore, who meet and change each other's lives forever. As they struggle with the emotional and physical scars of their past, they discover that even the smallest places and moments can mean something.",English,USA,N/A,https://m.media-amazon.com/images/M/MV5BY2FkY2E1OTgtYmFhYi00NzczLThjYjktNDljN2ZiZGY4OGIzXkEyXkFqcGdeQXVyMTkxNjUyNQ@@._V1_SX300.jpg,[],N/A,N/A,N/A,tt3907584,movie,N/A,N/A,N/A,N/A,True
85,The Way Back,2020,N/A,06 Mar 2020,108 min,"Drama, Sport",Gavin O'Connor,"Brad Ingelsby (screenplay), Gavin O'Connor","Ben Affleck, Janina Gavankar, Michaela Watkins, Glynn Turman","A former HS basketball phenom, struggling with alcoholism, is offered a coaching job at his alma mater. As the team starts to win, he may have a reason to confront his old demons. But will it be enough to set him on the road to redemption?",N/A,USA,N/A,https://m.media-amazon.com/images/M/MV5BYjJmOWE3ZTAtOTEzMC00OTEzLWJlMWUtYjA3ZDQwYTE5YmUyXkEyXkFqcGdeQXVyNDg4NjY5OTQ@._V1_SX300.jpg,[],N/A,N/A,N/A,tt8544498,movie,N/A,N/A,N/A,N/A,True
86,The Hunt,2020,R,13 Mar 2020,N/A,"Action, Horror, Thriller",Craig Zobel,"Nick Cuse, Damon Lindelof","Betty Gilpin, Emma Roberts, Ethan Suplee, Hilary Swank","Twelve strangers wake up in a clearing. They don't know where they are, or how they got there. They don't know they've been chosen - for a very specific purpose - The Hunt.",English,USA,N/A,https://m.media-amazon.com/images/M/MV5BNjg4MjRhZjgtNTIxOS00MmRjLTg4NTEtNjBkNzkwZjAxMjMyXkEyXkFqcGdeQXVyMTkxNjUyNQ@@._V1_SX300.jpg,[],N/A,N/A,N/A,tt8244784,movie,N/A,N/A,N/A,N/A,True
87,A Quiet Place Part II,2020,N/A,20 Mar 2020,N/A,"Horror, Thriller",John Krasinski,"Scott Beck (characters), John Krasinski, Bryan Woods (characters)","Cillian Murphy, John Krasinski, Emily Blunt, Noah Jupe","Following the events at home, the Abbott family now face the terrors of the outside world. Forced to venture into the unknown, they realize the creatures that hunt by sound are not the only threats lurking beyond the sand path.",English,USA,N/A,https://m.media-amazon.com/images/M/MV5BN2NiMjEyZjAtNzYyYi00YjI3LThhZTYtMzkyZTkxYzgwMzI2XkEyXkFqcGdeQXVyMDM2NDM2MQ@@._V1_SX300.jpg,[],N/A,N/A,N/A,tt8332922,movie,N/A,N/A,Paramount Pictures,N/A,True
88,Run,2020,N/A,24 Jan 2020,N/A,Thriller,Aneesh Chaganty,"Aneesh Chaganty, Sev Ohanian","Sarah Paulson, Pat Healy, Bradley Sawatzky, Erik Athavale",A home schooled teenager begins to suspect her mother is keeping a dark secret from her.,English,USA,N/A,https://m.media-amazon.com/images/M/MV5BNjI1NjQ2M2YtNWM1NS00NWJhLWJkNjUtNmMyMTY0ZWRhOGEzXkEyXkFqcGdeQXVyNzIwNDA4NzI@._V1_SX300.jpg,[],N/A,N/A,N/A,tt8633478,movie,N/A,N/A,N/A,N/A,True
89,Mulan,2020,N/A,27 Mar 2020,N/A,"Action, Adventure, Drama, Family",Niki Caro,"Rick Jaffa (screenplay by), Amanda Silver (screenplay by), Elizabeth Martin (screenplay by), Lauren Hynek (screenplay by)","Yifei Liu, Donnie Yen, Jet Li, Li Gong",A young Chinese maiden disguises herself as a male warrior in order to save her father. A live-action feature film based on Disney's 'Mulan.',English,USA,N/A,https://m.media-amazon.com/images/M/MV5BMjFlZjZkMTYtODM2Zi00OTM4LWIwYTktOTFjMmQzZDEzZDc4XkEyXkFqcGdeQXVyNDg4NjY5OTQ@._V1_SX300.jpg,[],N/A,N/A,N/A,tt4566758,movie,N/A,N/A,Walt Disney Pictures,N/A,True
90,Black Widow,2020,Unrated,01 May 2020,N/A,"Action, Adventure, Sci-Fi",Cate Shortland,"Jac Schaeffer (story by), Ned Benson (story by), Eric Pearson (screenplay by), Stan Lee (based on the Marvel comics by), Don Heck (based on the Marvel comics by), Don Rico (based on the Marvel comics by)","Florence Pugh, Scarlett Johansson, Robert Downey Jr., Rachel Weisz",A film about Natasha Romanoff in her quests between the films Civil War and Infinity War.,English,USA,N/A,https://m.media-amazon.com/images/M/MV5BNmFjNTA4MDAtMDM3ZS00NjFmLTg3YzQtM2ZkMzI0OTNmODcyXkEyXkFqcGdeQXVyODIyOTEyMzY@._V1_SX300.jpg,[],N/A,N/A,N/A,tt3480822,movie,N/A,N/A,N/A,N/A,True
91,F9,2020,N/A,22 May 2020,135 min,"Action, Adventure, Crime, Thriller",Justin Lin,"Daniel Casey (screenplay), Gary Scott Thompson (characters)","Charlize Theron, Vin Diesel, John Cena, Helen Mirren","Cypher enlists the help of Jakob, Dom's younger brother to take revenge on Dom and his team.",English,USA,N/A,https://m.media-amazon.com/images/M/MV5BZDZlMjc0MTItZWY2YS00ZDJhLWI2M2MtODVjNWFmYTQxYmJjXkEyXkFqcGdeQXVyMjMxOTE0ODA@._V1_SX300.jpg,[],N/A,N/A,N/A,tt5433138,movie,N/A,N/A,N/A,N/A,True
92,Candyman,2020,N/A,12 Jun 2020,N/A,"Horror, Thriller",Nia DaCosta,"Clive Barker (characters), Jordan Peele, Win Rosenfeld","Yahya Abdul-Mateen II, Tony Todd, Nathan Stewart-Jarrett, Teyonah Parris","A ""spiritual sequel"" to the 1992 horror film 'Candyman' that returns to the now-gentrified Chicago neighborhood where the legend began.",N/A,USA,N/A,N/A,[],N/A,N/A,N/A,tt9347730,movie,N/A,N/A,N/A,N/A,True
93,Tenet,2020,N/A,17 Jul 2020,N/A,"Action, Drama, Thriller",Christopher Nolan,Christopher Nolan,"Robert Pattinson, Elizabeth Debicki, Aaron Taylor-Johnson, Kenneth Branagh","An action epic revolving around international espionage, time travel, and evolution. Possibly about a man trying to prevent World War 3 through time travel and rebirth.",English,"USA, UK",N/A,https://m.media-amazon.com/images/M/MV5BNmMwYzFlNTEtYTc0NC00NGY4LTgzNzItZGFiYTViY2QzNzU1XkEyXkFqcGdeQXVyMTkxNjUyNQ@@._V1_SX300.jpg,[],N/A,N/A,N/A,tt6723592,movie,N/A,N/A,Warner Bros. Pictures,N/A,True
94,The French Dispatch,2020,R,24 Jul 2020,108 min,"Comedy, Drama, Romance",Wes Anderson,Wes Anderson (screenplay),"Timothée Chalamet, Saoirse Ronan, Cécile de France, Elisabeth Moss","A love letter to journalists set in an outpost of an American newspaper in a fictional 20th-century French city that brings to life a collection of stories published in ""The French Dispatch"" magazine.","English, French","Germany, USA",N/A,https://m.media-amazon.com/images/M/MV5BZmRhZGFjOGMtNzlmOC00ZDI3LTg3MzctMWViOTgyNmE3ZTcwXkEyXkFqcGdeQXVyNDkzNDgxNjY@._V1_SX300.jpg,[],N/A,N/A,N/A,tt8847712,movie,N/A,N/A,N/A,N/A,True
95,No Time to Die,2020,Unrated,10 Apr 2020,N/A,"Action, Adventure, Thriller",Cary Joji Fukunaga,"Neal Purvis, Robert Wade, Cary Joji Fukunaga, Phoebe Waller-Bridge, Neal Purvis (story by), Robert Wade (story by), Cary Joji Fukunaga (story by), Ian Fleming (based on characters created by)","Ana de Armas, Daniel Craig, Léa Seydoux, Rami Malek","James Bond has left active service. His peace is short-lived when Felix Leiter, an old friend from the CIA, turns up asking for help, leading Bond onto the trail of a mysterious villain armed with dangerous new technology.",English,"UK, USA",N/A,https://m.media-amazon.com/images/M/MV5BZWI1ZmJkMTItMzYyOC00YjRlLTkxNjktMjhiOGQzNDgxYmI2XkEyXkFqcGdeQXVyODk2NDQ3MTA@._V1_SX300.jpg,[],N/A,N/A,N/A,tt2382320,movie,N/A,N/A,MGM,N/A,True
96,After We Collided,2020,N/A,N/A,N/A,"Drama, Romance",Roger Kumble,"Mario Celaya (screenplay by), Anna Todd","Dylan Sprouse, Hero Fiennes Tiffin, Selma Blair, Josephine Langford","Based on the 2014 romance novel of the same name, this follows the love life of two young adults.",English,USA,N/A,https://m.media-amazon.com/images/M/MV5BZDI1ZDg2NmYtMmZhZi00YzYxLWE1MTUtMTJlMDk4YjcwMWU2XkEyXkFqcGdeQXVyMjE2MTEwNDA@._V1_SX300.jpg,[],N/A,N/A,N/A,tt10362466,movie,N/A,N/A,N/A,N/A,True
97,Rumble,2020,N/A,29 Jan 2021,N/A,"Animation, Comedy, Family, Fantasy, Sport",Hamish Grieve,"Etan Cohen, Matt Lieberman","Ben Schwartz, Will Arnett, Geraldine Viswanathan, Terry Crews","In a world where monster wrestling is a global sport and monsters are superstar athletes, teenage Winnie seeks to follow in her father's footsteps by coaching a loveable underdog monster into a champion.",English,USA,N/A,https://m.media-amazon.com/images/M/MV5BYjY0ODA0YmUtMGFlNC00ODQzLTllOTUtZjU4Mjc1MTUwNTAxXkEyXkFqcGdeQXVyMDM2NDM2MQ@@._V1_SX300.jpg,[],N/A,N/A,N/A,tt8337158,movie,N/A,N/A,N/A,N/A,True
98,The Matrix 4,2021,N/A,21 May 2021,N/A,"Action, Sci-Fi",Lana Wachowski,"Aleksandar Hemon, David Mitchell, Lana Wachowski","Keanu Reeves, Jonathan Groff, Priyanka Chopra, Carrie-Anne Moss",The plot is currently unknown.,English,USA,N/A,N/A,[],N/A,N/A,N/A,tt10838180,movie,N/A,N/A,N/A,N/A,True
99,The Batman,2021,N/A,25 Jun 2021,N/A,"Action, Crime, Drama",Matt Reeves,"Bill Finger (Batman created by), Bob Kane (Batman created by), Matt Reeves (screenplay), Mattson Tomlin (screenplay)","Robert Pattinson, Zoë Kravitz, Colin Farrell, Paul Dano",The plot is unknown.,English,USA,N/A,https://m.media-amazon.com/images/M/MV5BZjE4MTdhNGYtMjA1My00ODU1LTg0NzQtZDdiMmY0Y2E4NzY1XkEyXkFqcGdeQXVyMTkxNjUyNQ@@._V1_SX300.jpg,[],N/A,N/A,N/A,tt1877830,movie,N/A,N/A,N/A,N/A,True
