,id,title,year,ratings,runtime,genre,imdb_rating,meta_score,votes,revenue,directors,stars
0,tt2488496,Star Wars: Episode VII - The Force Awakens,2015,PG-13,138,"['Action', 'Adventure', 'Sci-Fi']",7.9,81,827705,936662225,['J.J. Abrams'],"['Daisy Ridley', 'John Boyega', 'Oscar Isaac', 'Domhnall Gleeson']"
1,tt4154796,Avengers: Endgame,2019,PG-13,181,"['Action', 'Adventure', 'Drama']",8.5,78,675448,858373000,"['Anthony Russo', 'Joe Russo']","['Robert Downey Jr.', 'Chris Evans', 'Mark Ruffalo', 'Chris Hemsworth']"
2,tt1825683,Black Panther,2018,PG-13,134,"['Action', 'Adventure', 'Sci-Fi']",7.3,88,566449,700059566,['Ryan Coogler'],"['Chadwick Boseman', 'Michael B. Jordan', ""Lupita Nyong'o"", 'Danai Gurira']"
3,tt4154756,Avengers: Infinity War,2018,PG-13,149,"['Action', 'Adventure', 'Sci-Fi']",8.5,68,750737,678815482,"['Anthony Russo', 'Joe Russo']","['Robert Downey Jr.', 'Chris Hemsworth', 'Mark Ruffalo', 'Chris Evans']"
4,tt0369610,Jurassic World,2015,PG-13,124,"['Action', 'Adventure', 'Sci-Fi']",7.0,59,557059,652270625,['Colin Trevorrow'],"['Chris Pratt', 'Bryce Dallas Howard', 'Ty Simpkins', 'Judy Greer']"
5,tt0848228,The Avengers,2012,PG-13,143,"['Action', 'Adventure', 'Sci-Fi']",8.0,69,1219586,623279547,['Joss Whedon'],"['Robert Downey Jr.', 'Chris Evans', 'Scarlett Johansson', 'Jeremy Renner']"
6,tt2527336,Star Wars: Episode VIII - The Last Jedi,2017,PG-13,152,"['Action', 'Adventure', 'Fantasy']",7.0,85,526278,620181382,['Rian Johnson'],"['Daisy Ridley', 'John Boyega', 'Mark Hamill', 'Carrie Fisher']"
7,tt3606756,Incredibles 2,2018,PG,118,"['Animation', 'Action', 'Adventure']",7.6,80,226496,608581744,['Brad Bird'],"['Craig T. Nelson', 'Holly Hunter', 'Sarah Vowell', 'Huck Milner']"
8,tt6105098,The Lion King,2019,PG,118,"['Animation', 'Adventure', 'Drama']",6.9,55,170137,540079599,['Jon Favreau'],"['Donald Glover', 'Beyoncé', 'Seth Rogen', 'Chiwetel Ejiofor']"
9,tt3748528,Rogue One: A Star Wars Story,2016,PG-13,133,"['Action', 'Adventure', 'Sci-Fi']",7.8,65,520301,532177324,['Gareth Edwards'],"['Felicity Jones', 'Diego Luna', 'Alan Tudyk', 'Donnie Yen']"
10,tt2771200,Beauty and the Beast,2017,PG,129,"['Family', 'Fantasy', 'Musical']",7.1,65,254327,504014165,['Bill Condon'],"['Emma Watson', 'Dan Stevens', 'Luke Evans', 'Josh Gad']"
11,tt2277860,Finding Dory,2016,PG,97,"['Animation', 'Adventure', 'Comedy']",7.3,77,225188,486295561,"['Andrew Stanton', 'Angus MacLane']","['Ellen DeGeneres', 'Albert Brooks', ""Ed O'Neill"", 'Kaitlin Olson']"
12,tt2395427,Avengers: Age of Ultron,2015,PG-13,141,"['Action', 'Adventure', 'Sci-Fi']",7.3,66,701416,459005868,['Joss Whedon'],"['Robert Downey Jr.', 'Chris Evans', 'Mark Ruffalo', 'Chris Hemsworth']"
13,tt1345836,The Dark Knight Rises,2012,PG-13,164,"['Action', 'Adventure']",8.4,78,1442542,448139099,['Christopher Nolan'],"['Christian Bale', 'Tom Hardy', 'Anne Hathaway', 'Gary Oldman']"
14,tt1979376,Toy Story 4,2019,G,100,"['Animation', 'Adventure', 'Comedy']",7.8,84,161630,433033071,['Josh Cooley'],"['Tom Hanks', 'Tim Allen', 'Annie Potts', 'Tony Hale']"
15,tt4154664,Captain Marvel,2019,PG-13,123,"['Action', 'Adventure', 'Sci-Fi']",6.9,64,396830,426829839,"['Anna Boden', 'Ryan Fleck']","['Brie Larson', 'Samuel L. Jackson', 'Ben Mendelsohn', 'Jude Law']"
16,tt1951264,The Hunger Games: Catching Fire,2013,PG-13,146,"['Action', 'Adventure', 'Sci-Fi']",7.5,76,590558,424668047,['Francis Lawrence'],"['Jennifer Lawrence', 'Josh Hutcherson', 'Liam Hemsworth', 'Philip Seymour Hoffman']"
17,tt4881806,Jurassic World: Fallen Kingdom,2018,PG-13,128,"['Action', 'Adventure', 'Sci-Fi']",6.2,51,241653,417719760,['J.A. Bayona'],"['Chris Pratt', 'Bryce Dallas Howard', 'Rafe Spall', 'Justice Smith']"
18,tt0435761,Toy Story 3,2010,G,103,"['Animation', 'Adventure', 'Comedy']",8.3,92,719617,415004880,['Lee Unkrich'],"['Tom Hanks', 'Tim Allen', 'Joan Cusack', 'Ned Beatty']"
19,tt0451279,Wonder Woman,2017,PG-13,141,"['Action', 'Adventure', 'Fantasy']",7.4,76,518713,412563408,['Patty Jenkins'],"['Gal Gadot', 'Chris Pine', 'Robin Wright', 'Lucy Davis']"
20,tt1300854,Iron Man Three,2013,PG-13,130,"['Action', 'Adventure', 'Sci-Fi']",7.2,62,721939,409013994,['Shane Black'],"['Robert Downey Jr.', 'Guy Pearce', 'Gwyneth Paltrow', 'Don Cheadle']"
21,tt3498820,Captain America: Civil War,2016,PG-13,147,"['Action', 'Adventure', 'Sci-Fi']",7.8,75,622373,408084349,"['Anthony Russo', 'Joe Russo']","['Chris Evans', 'Robert Downey Jr.', 'Scarlett Johansson', 'Sebastian Stan']"
22,tt1392170,The Hunger Games,2012,PG-13,142,"['Action', 'Adventure', 'Sci-Fi']",7.2,68,813602,408010692,['Gary Ross'],"['Jennifer Lawrence', 'Josh Hutcherson', 'Liam Hemsworth', 'Stanley Tucci']"
23,tt2283362,Jumanji: Welcome to the Jungle,2017,PG-13,119,"['Action', 'Adventure', 'Comedy']",6.9,58,287824,404515480,['Jake Kasdan'],"['Dwayne Johnson', 'Karen Gillan', 'Kevin Hart', 'Jack Black']"
24,tt2294629,Frozen,2013,PG,102,"['Animation', 'Adventure', 'Comedy']",7.5,74,545944,400738009,"['Chris Buck', 'Jennifer Lee']","['Kristen Bell', 'Idina Menzel', 'Jonathan Groff', 'Josh Gad']"
25,tt3896198,Guardians of the Galaxy Vol. 2,2017,PG-13,136,"['Action', 'Adventure', 'Comedy']",7.6,67,526096,389813101,['James Gunn'],"['Chris Pratt', 'Zoe Saldana', 'Dave Bautista', 'Vin Diesel']"
26,tt6320628,Spider-Man: Far from Home,2019,PG-13,129,"['Action', 'Adventure', 'Sci-Fi']",7.5,69,267234,388534554,['Jon Watts'],"['Tom Holland', 'Samuel L. Jackson', 'Jake Gyllenhaal', 'Marisa Tomei']"
27,tt1201607,Harry Potter and the Deathly Hallows: Part 2,2011,PG-13,130,"['Adventure', 'Drama', 'Fantasy']",8.1,87,720164,381011219,['David Yates'],"['Daniel Radcliffe', 'Emma Watson', 'Rupert Grint', 'Michael Gambon']"
28,tt2709768,The Secret Life of Pets,2016,PG,87,"['Animation', 'Adventure', 'Comedy']",6.5,61,173770,368384330,"['Chris Renaud', 'Yarrow Cheney']","['Louis C.K.', 'Eric Stonestreet', 'Kevin Hart', 'Lake Bell']"
29,tt1690953,Despicable Me 2,2013,PG,98,"['Animation', 'Adventure', 'Comedy']",7.3,62,355570,368061265,"['Pierre Coffin', 'Chris Renaud']","['Steve Carell', 'Kristen Wiig', 'Benjamin Bratt', 'Miranda Cosgrove']"
30,tt3040964,The Jungle Book,2016,PG,106,"['Adventure', 'Drama', 'Family']",7.4,77,249223,364001123,['Jon Favreau'],"['Neel Sethi', 'Bill Murray', 'Ben Kingsley', 'Idris Elba']"
31,tt1431045,Deadpool,2016,R,108,"['Action', 'Adventure', 'Comedy']",8.0,65,859985,363070709,['Tim Miller'],"['Ryan Reynolds', 'Morena Baccarin', 'T.J. Miller', 'Ed Skrein']"
32,tt2096673,Inside Out,2015,PG,95,"['Animation', 'Adventure', 'Comedy']",8.2,94,568808,356461711,"['Pete Docter', 'Ronnie Del Carmen']","['Amy Poehler', 'Bill Hader', 'Lewis Black', 'Mindy Kaling']"
33,tt6139732,Aladdin,2019,PG,128,"['Adventure', 'Family', 'Fantasy']",7.0,53,188844,354873567,['Guy Ritchie'],"['Will Smith', 'Mena Massoud', 'Naomi Scott', 'Marwan Kenzari']"
34,tt2820852,Furious 7,2015,PG-13,137,"['Action', 'Adventure', 'Thriller']",7.2,67,345516,353007020,['James Wan'],"['Vin Diesel', 'Paul Walker', 'Dwayne Johnson', 'Jason Statham']"
35,tt1399103,Transformers: Dark of the Moon,2011,PG-13,154,"['Action', 'Adventure', 'Sci-Fi']",6.2,42,374438,352390543,['Michael Bay'],"['Shia LaBeouf', 'Rosie Huntington-Whiteley', 'Tyrese Gibson', 'Josh Duhamel']"
36,tt2179136,American Sniper,2014,R,133,"['Action', 'Biography', 'Drama']",7.3,72,417361,350126372,['Clint Eastwood'],"['Bradley Cooper', 'Sienna Miller', 'Kyle Gallner', 'Cole Konis']"
37,tt2948356,Zootopia,2016,PG,108,"['Animation', 'Adventure', 'Comedy']",8.0,78,405457,341268248,"['Byron Howard', 'Rich Moore', 'Jared Bush']","['Ginnifer Goodwin', 'Jason Bateman', 'Idris Elba', 'Jenny Slate']"
38,tt1951265,The Hunger Games: Mockingjay - Part 1,2014,PG-13,123,"['Action', 'Adventure', 'Sci-Fi']",6.6,64,393278,337135885,['Francis Lawrence'],"['Jennifer Lawrence', 'Josh Hutcherson', 'Liam Hemsworth', 'Woody Harrelson']"
39,tt2293640,Minions,2015,PG,91,"['Animation', 'Adventure', 'Comedy']",6.4,56,202259,336045770,"['Kyle Balda', 'Pierre Coffin']","['Sandra Bullock', 'Jon Hamm', 'Michael Keaton', 'Pierre Coffin']"
40,tt1477834,Aquaman,2018,PG-13,143,"['Action', 'Adventure', 'Fantasy']",7.0,55,327633,335061807,['James Wan'],"['Jason Momoa', 'Amber Heard', 'Willem Dafoe', 'Patrick Wilson']"
41,tt2250912,Spider-Man: Homecoming,2017,PG-13,133,"['Action', 'Adventure', 'Sci-Fi']",7.4,73,473139,334201140,['Jon Watts'],"['Tom Holland', 'Michael Keaton', 'Robert Downey Jr.', 'Marisa Tomei']"
42,tt1014759,Alice in Wonderland,2010,PG,108,"['Adventure', 'Family', 'Fantasy']",6.4,53,369148,334191110,['Tim Burton'],"['Mia Wasikowska', 'Johnny Depp', 'Helena Bonham Carter', 'Anne Hathaway']"
43,tt2015381,Guardians of the Galaxy,2014,PG-13,121,"['Action', 'Adventure', 'Comedy']",8.0,76,998210,333176600,['James Gunn'],"['Chris Pratt', 'Vin Diesel', 'Bradley Cooper', 'Zoe Saldana']"
44,tt2975590,Batman v Superman: Dawn of Justice,2016,PG-13,151,"['Action', 'Adventure', 'Sci-Fi']",6.5,44,598140,330360194,['Zack Snyder'],"['Ben Affleck', 'Henry Cavill', 'Amy Adams', 'Jesse Eisenberg']"
45,tt1396484,It,2017,R,135,['Horror'],7.3,69,422761,327481748,['Andy Muschietti'],"['Bill Skarsgård', 'Jaeden Martell', 'Finn Wolfhard', 'Sophia Lillis']"
46,tt1386697,Suicide Squad,2016,PG-13,123,"['Action', 'Adventure', 'Fantasy']",6.0,40,568092,325100054,['David Ayer'],"['Will Smith', 'Jared Leto', 'Margot Robbie', 'Viola Davis']"
47,tt5463162,Deadpool 2,2018,R,119,"['Action', 'Adventure', 'Comedy']",7.7,66,438456,324591735,['David Leitch'],"['Ryan Reynolds', 'Josh Brolin', 'Morena Baccarin', 'Julian Dennison']"
48,tt3501632,Thor: Ragnarok,2017,PG-13,130,"['Action', 'Adventure', 'Comedy']",7.9,74,535694,315058289,['Taika Waititi'],"['Chris Hemsworth', 'Tom Hiddleston', 'Cate Blanchett', 'Mark Ruffalo']"
49,tt1228705,Iron Man 2,2010,PG-13,124,"['Action', 'Adventure', 'Sci-Fi']",7.0,57,687751,312433331,['Jon Favreau'],"['Robert Downey Jr.', 'Mickey Rourke', 'Gwyneth Paltrow', 'Don Cheadle']"
50,tt1074638,Skyfall,2012,PG-13,143,"['Action', 'Adventure', 'Thriller']",7.7,81,608574,304360277,['Sam Mendes'],"['Daniel Craig', 'Javier Bardem', 'Naomie Harris', 'Judi Dench']"
51,tt0903624,The Hobbit: An Unexpected Journey,2012,PG-13,169,"['Adventure', 'Family', 'Fantasy']",7.8,58,734823,303003568,['Peter Jackson'],"['Martin Freeman', 'Ian McKellen', 'Richard Armitage', 'Andy Serkis']"
52,tt1325004,The Twilight Saga: Eclipse,2010,PG-13,124,"['Action', 'Drama', 'Fantasy']",5.0,58,217865,300531751,['David Slade'],"['Kristen Stewart', 'Robert Pattinson', 'Taylor Lautner', 'Xavier Samuel']"
53,tt0926084,Harry Potter and the Deathly Hallows: Part 1,2010,PG-13,146,"['Adventure', 'Family', 'Fantasy']",7.7,65,446181,295983305,['David Yates'],"['Daniel Radcliffe', 'Emma Watson', 'Rupert Grint', 'Bill Nighy']"
54,tt1375666,Inception,2010,PG-13,148,"['Action', 'Adventure', 'Sci-Fi']",8.8,74,1927231,292576195,['Christopher Nolan'],"['Leonardo DiCaprio', 'Joseph Gordon-Levitt', 'Ellen Page', 'Ken Watanabe']"
55,tt1673434,The Twilight Saga: Breaking Dawn - Part 2,2012,PG-13,115,"['Adventure', 'Drama', 'Fantasy']",5.5,52,221131,292298923,['Bill Condon'],"['Kristen Stewart', 'Robert Pattinson', 'Taylor Lautner', 'Peter Facinelli']"
56,tt0770828,Man of Steel,2013,PG-13,143,"['Action', 'Adventure', 'Sci-Fi']",7.1,55,666337,291045518,['Zack Snyder'],"['Henry Cavill', 'Amy Adams', 'Michael Shannon', 'Diane Lane']"
57,tt1951266,The Hunger Games: Mockingjay - Part 2,2015,PG-13,137,"['Action', 'Adventure', 'Sci-Fi']",6.5,65,266476,281723902,['Francis Lawrence'],"['Jennifer Lawrence', 'Josh Hutcherson', 'Liam Hemsworth', 'Woody Harrelson']"
58,tt1324999,The Twilight Saga: Breaking Dawn - Part 1,2011,PG-13,117,"['Action', 'Adventure', 'Drama']",4.9,45,214279,281287133,['Bill Condon'],"['Kristen Stewart', 'Robert Pattinson', 'Taylor Lautner', 'Gil Birmingham']"
59,tt1454468,Gravity,2013,PG-13,91,"['Drama', 'Sci-Fi', 'Thriller']",7.7,96,737063,274092705,['Alfonso Cuarón'],"['Sandra Bullock', 'George Clooney', 'Ed Harris', 'Orto Ignatiussen']"
60,tt2709692,Dr. Seuss' The Grinch,2018,PG,85,"['Animation', 'Family', 'Fantasy']",6.3,51,42591,270620950,"['Yarrow Cheney', 'Scott Mosier']","['Benedict Cumberbatch', 'Cameron Seely', 'Rashida Jones', 'Pharrell Williams']"
61,tt3470600,Sing,2016,PG,108,"['Animation', 'Comedy', 'Family']",7.1,59,124212,270395425,['Garth Jennings'],"['Matthew McConaughey', 'Reese Witherspoon', 'Seth MacFarlane', 'Scarlett Johansson']"
62,tt1453405,Monsters University,2013,G,104,"['Animation', 'Adventure', 'Comedy']",7.3,65,305064,268492764,['Dan Scanlon'],"['Billy Crystal', 'John Goodman', 'Steve Buscemi', 'Helen Mirren']"
63,tt3469046,Despicable Me 3,2017,PG,89,"['Animation', 'Adventure', 'Comedy']",6.3,49,102697,264624300,"['Kyle Balda', 'Pierre Coffin', 'Eric Guillon']","['Steve Carell', 'Kristen Wiig', 'Trey Parker', 'Miranda Cosgrove']"
64,tt0948470,The Amazing Spider-Man,2012,PG-13,136,"['Action', 'Sci-Fi']",6.9,66,540628,262030663,['Marc Webb'],"['Andrew Garfield', 'Emma Stone', 'Rhys Ifans', 'Irrfan Khan']"
65,tt1843866,Captain America: The Winter Soldier,2014,PG-13,136,"['Action', 'Adventure', 'Sci-Fi']",7.7,70,699552,259766572,"['Anthony Russo', 'Joe Russo']","['Chris Evans', 'Samuel L. Jackson', 'Scarlett Johansson', 'Robert Redford']"
66,tt1170358,The Hobbit: The Desolation of Smaug,2013,PG-13,161,"['Adventure', 'Fantasy']",7.8,66,580425,258366855,['Peter Jackson'],"['Ian McKellen', 'Martin Freeman', 'Richard Armitage', 'Ken Stott']"
67,tt1490017,The Lego Movie,2014,PG,100,"['Animation', 'Action', 'Adventure']",7.8,83,313626,257760692,"['Christopher Miller', 'Phil Lord']","['Chris Pratt', 'Will Ferrell', 'Elizabeth Banks', 'Will Arnett']"
68,tt2310332,The Hobbit: The Battle of the Five Armies,2014,PG-13,144,"['Adventure', 'Fantasy']",7.4,59,453639,255119788,['Peter Jackson'],"['Ian McKellen', 'Martin Freeman', 'Richard Armitage', 'Cate Blanchett']"
69,tt1411697,The Hangover Part II,2011,R,102,['Comedy'],6.4,44,446062,254464305,['Todd Phillips'],"['Bradley Cooper', 'Zach Galifianakis', 'Ed Helms', 'Justin Bartha']"
70,tt1323594,Despicable Me,2010,PG,95,"['Animation', 'Comedy', 'Family']",7.6,72,480167,251513985,"['Pierre Coffin', 'Chris Renaud']","['Steve Carell', 'Jason Segel', 'Russell Brand', 'Julie Andrews']"
71,tt3521164,Moana,2016,PG,107,"['Animation', 'Adventure', 'Comedy']",7.6,81,244457,248757044,"['Ron Clements', 'John Musker', 'Don Hall', 'Chris Williams']","[""Auli'i Cravalho"", 'Dwayne Johnson', 'Rachel House', 'Temuera Morrison']"
72,tt2109248,Transformers: Age of Extinction,2014,PG-13,165,"['Action', 'Adventure', 'Sci-Fi']",5.6,32,290274,245439076,['Michael Bay'],"['Mark Wahlberg', 'Nicola Peltz', 'Jack Reynor', 'Stanley Tucci']"
73,tt1587310,Maleficent,2014,PG,97,"['Action', 'Adventure', 'Family']",7.0,56,327128,241410378,['Robert Stromberg'],"['Angelina Jolie', 'Elle Fanning', 'Sharlto Copley', 'Lesley Manville']"
74,tt1298650,Pirates of the Caribbean: On Stranger Tides,2011,PG-13,136,"['Action', 'Adventure', 'Fantasy']",6.6,45,461681,241063875,['Rob Marshall'],"['Johnny Depp', 'Penélope Cruz', 'Ian McShane', 'Geoffrey Rush']"
75,tt1905041,Furious 6,2013,PG-13,130,"['Action', 'Adventure', 'Thriller']",7.1,61,356102,238679850,['Justin Lin'],"['Vin Diesel', 'Paul Walker', 'Dwayne Johnson', 'Michelle Rodriguez']"
76,tt0892791,Shrek Forever After,2010,PG,93,"['Animation', 'Adventure', 'Comedy']",6.3,58,175021,238371987,['Mike Mitchell'],"['Mike Myers', 'Cameron Diaz', 'Eddie Murphy', 'Antonio Banderas']"
77,tt1217209,Brave,2012,PG,93,"['Animation', 'Adventure', 'Comedy']",7.1,69,354048,237283207,"['Mark Andrews', 'Brenda Chapman', 'Steve Purcell']","['Kelly Macdonald', 'Billy Connolly', 'Emma Thompson', 'Julie Walters']"
78,tt1623205,Oz the Great and Powerful,2013,PG,130,"['Adventure', 'Family', 'Fantasy']",6.3,44,195068,234911825,['Sam Raimi'],"['James Franco', 'Michelle Williams', 'Rachel Weisz', 'Mila Kunis']"
79,tt3183660,Fantastic Beasts and Where to Find Them,2016,PG-13,132,"['Adventure', 'Family', 'Fantasy']",7.3,66,385543,234037575,['David Yates'],"['Eddie Redmayne', 'Katherine Waterston', 'Alison Sudol', 'Dan Fogler']"
80,tt1877832,X-Men: Days of Future Past,2014,PG-13,132,"['Action', 'Adventure', 'Sci-Fi']",8.0,75,639239,233921534,['Bryan Singer'],"['Patrick Stewart', 'Ian McKellen', 'Hugh Jackman', 'James McAvoy']"
81,tt1211837,Doctor Strange,2016,PG-13,115,"['Action', 'Adventure', 'Fantasy']",7.5,72,555787,232641920,['Scott Derrickson'],"['Benedict Cumberbatch', 'Chiwetel Ejiofor', 'Rachel McAdams', 'Benedict Wong']"
82,tt0974015,Justice League,2017,PG-13,120,"['Action', 'Adventure', 'Fantasy']",6.4,45,355269,229024295,['Zack Snyder'],"['Ben Affleck', 'Gal Gadot', 'Jason Momoa', 'Ezra Miller']"
83,tt1408101,Star Trek Into Darkness,2013,PG-13,132,"['Action', 'Adventure', 'Sci-Fi']",7.7,72,453248,228778661,['J.J. Abrams'],"['Chris Pine', 'Zachary Quinto', 'Zoe Saldana', 'Benedict Cumberbatch']"
84,tt3659388,The Martian,2015,PG-13,144,"['Adventure', 'Drama', 'Sci-Fi']",8.0,80,716237,228433663,['Ridley Scott'],"['Matt Damon', 'Jessica Chastain', 'Kristen Wiig', 'Kate Mara']"
85,tt3315342,Logan,2017,R,137,"['Action', 'Drama', 'Sci-Fi']",8.1,77,601886,226277068,['James Mangold'],"['Hugh Jackman', 'Patrick Stewart', 'Dafne Keen', 'Boyd Holbrook']"
86,tt4630562,The Fate of the Furious,2017,PG-13,136,"['Action', 'Adventure', 'Thriller']",6.7,56,192271,226008385,['F. Gary Gray'],"['Vin Diesel', 'Jason Statham', 'Dwayne Johnson', 'Michelle Rodriguez']"
87,tt2245084,Big Hero 6,2014,PG,102,"['Animation', 'Action', 'Adventure']",7.8,74,389270,222527828,"['Don Hall', 'Chris Williams']","['Ryan Potter', 'Scott Adsit', 'Jamie Chung', 'T.J. Miller']"
88,tt4912910,Mission: Impossible - Fallout,2018,PG-13,147,"['Action', 'Adventure', 'Thriller']",7.8,86,263280,220159104,['Christopher McQuarrie'],"['Tom Cruise', 'Henry Cavill', 'Ving Rhames', 'Simon Pegg']"
89,tt1637725,Ted,2012,R,106,['Comedy'],6.9,62,552047,218815487,['Seth MacFarlane'],"['Mark Wahlberg', 'Mila Kunis', 'Seth MacFarlane', 'Joel McHale']"
90,tt0892769,How to Train Your Dragon,2010,PG,98,"['Animation', 'Action', 'Adventure']",8.1,75,634573,217581231,"['Dean DeBlois', 'Chris Sanders']","['Jay Baruchel', 'Gerard Butler', 'Christopher Mintz-Plasse', 'Craig Ferguson']"
91,tt5095030,Ant-Man and the Wasp,2018,PG-13,118,"['Action', 'Adventure', 'Comedy']",7.1,70,277980,216648740,['Peyton Reed'],"['Paul Rudd', 'Evangeline Lilly', 'Michael Peña', 'Walton Goggins']"
92,tt1727824,Bohemian Rhapsody,2018,PG-13,134,"['Biography', 'Drama', 'Music']",8.0,49,410845,216428042,['Bryan Singer'],"['Rami Malek', 'Lucy Boynton', 'Gwilym Lee', 'Ben Hardy']"
93,tt1277953,Madagascar 3: Europe's Most Wanted,2012,PG,93,"['Animation', 'Adventure', 'Comedy']",6.8,60,154044,216391482,"['Eric Darnell', 'Tom McGrath', 'Conrad Vernon']","['Ben Stiller', 'Jada Pinkett Smith', 'Chris Rock', 'David Schwimmer']"
94,tt1517451,A Star Is Born,2018,R,136,"['Drama', 'Music', 'Romance']",7.7,88,298413,215288866,['Bradley Cooper'],"['Lady Gaga', 'Bradley Cooper', 'Sam Elliott', 'Greg Grunberg']"
95,tt1482459,The Lorax,2012,PG,86,"['Animation', 'Adventure', 'Comedy']",6.4,46,93228,214030500,"['Chris Renaud', 'Kyle Balda']","['Zac Efron', 'Taylor Swift', 'Danny DeVito', 'Ed Helms']"
96,tt3778644,Solo: A Star Wars Story,2018,PG-13,135,"['Action', 'Adventure', 'Sci-Fi']",6.9,62,261465,213767512,['Ron Howard'],"['Alden Ehrenreich', 'Woody Harrelson', 'Emilia Clarke', 'Donald Glover']"
97,tt1270797,Venom,2018,PG-13,112,"['Action', 'Sci-Fi', 'Thriller']",6.7,35,323156,213515506,['Ruben Fleischer'],"['Tom Hardy', 'Michelle Williams', 'Riz Ahmed', 'Scott Haze']"
98,tt1596343,Fast Five,2011,PG-13,130,"['Action', 'Adventure', 'Thriller']",7.3,66,339676,209837675,['Justin Lin'],"['Vin Diesel', 'Paul Walker', 'Dwayne Johnson', 'Jordana Brewster']"
99,tt2380307,Coco,2017,PG,105,"['Animation', 'Adventure', 'Family']",8.4,81,322602,209726015,"['Lee Unkrich', 'Adrian Molina']","['Anthony Gonzalez', 'Gael García Bernal', 'Benjamin Bratt', 'Alanna Ubach']"
100,tt1229238,Mission: Impossible - Ghost Protocol,2011,PG-13,132,"['Action', 'Adventure', 'Thriller']",7.4,73,440329,209397903,['Brad Bird'],"['Tom Cruise', 'Jeremy Renner', 'Simon Pegg', 'Paula Patton']"
101,tt2103281,Dawn of the Planet of the Apes,2014,PG-13,130,"['Action', 'Adventure', 'Drama']",7.6,79,399867,208545589,['Matt Reeves'],"['Gary Oldman', 'Keri Russell', 'Andy Serkis', 'Kodi Smit-McPhee']"
102,tt1981115,Thor: The Dark World,2013,PG-13,112,"['Action', 'Adventure', 'Fantasy']",6.9,54,566301,206362140,['Alan Taylor'],"['Chris Hemsworth', 'Natalie Portman', 'Tom Hiddleston', 'Stellan Skarsgård']"
103,tt1872181,The Amazing Spider-Man 2,2014,PG-13,142,"['Action', 'Adventure', 'Sci-Fi']",6.6,53,401401,202853933,['Marc Webb'],"['Andrew Garfield', 'Emma Stone', 'Jamie Foxx', 'Paul Giamatti']"
104,tt0816711,World War Z,2013,PG-13,116,"['Action', 'Adventure', 'Horror']",7.0,63,573069,202359711,['Marc Forster'],"['Brad Pitt', 'Mireille Enos', 'Daniella Kertesz', 'James Badge Dale']"
105,tt1661199,Cinderella,2015,PG,105,"['Drama', 'Family', 'Fantasy']",6.9,67,150676,201151353,['Kenneth Branagh'],"['Lily James', 'Cate Blanchett', 'Richard Madden', 'Helena Bonham Carter']"
106,tt5848272,Ralph Breaks the Internet,2018,PG,112,"['Animation', 'Adventure', 'Comedy']",7.1,71,113231,201091711,"['Phil Johnston', 'Rich Moore']","['John C. Reilly', 'Sarah Silverman', 'Gal Gadot', 'Taraji P. Henson']"
107,tt0398286,Tangled,2010,PG,100,"['Animation', 'Adventure', 'Comedy']",7.7,71,383651,200821936,"['Nathan Greno', 'Byron Howard']","['Mandy Moore', 'Zachary Levi', 'Donna Murphy', 'Ron Perlman']"
108,tt0831387,Godzilla,2014,PG-13,123,"['Action', 'Adventure', 'Sci-Fi']",6.4,62,363715,200676069,['Gareth Edwards'],"['Aaron Taylor-Johnson', 'Elizabeth Olsen', 'Bryan Cranston', 'Ken Watanabe']"
109,tt2379713,Spectre,2015,PG-13,148,"['Action', 'Adventure', 'Thriller']",6.8,60,366495,200074175,['Sam Mendes'],"['Daniel Craig', 'Christoph Waltz', 'Léa Seydoux', 'Ralph Fiennes']"
110,tt2381249,Mission: Impossible - Rogue Nation,2015,PG-13,131,"['Action', 'Adventure', 'Thriller']",7.4,75,325201,195042377,['Christopher McQuarrie'],"['Tom Cruise', 'Rebecca Ferguson', 'Jeremy Renner', 'Simon Pegg']"
111,tt7349950,It Chapter Two,2019,R,169,"['Drama', 'Fantasy', 'Horror']",6.6,58,160180,193766844,['Andy Muschietti'],"['Jessica Chastain', 'James McAvoy', 'Bill Hader', 'Isaiah Mustafa']"
112,tt7286456,Joker,2019,R,122,"['Crime', 'Drama', 'Thriller']",8.6,59,701441,192728787,['Todd Phillips'],"['Joaquin Phoenix', 'Robert De Niro', 'Zazie Beetz', 'Frances Conroy']"
113,tt2294449,22 Jump Street,2014,R,112,"['Action', 'Comedy', 'Crime']",7.0,71,331215,191719337,"['Phil Lord', 'Christopher Miller']","['Channing Tatum', 'Jonah Hill', 'Ice Cube', 'Nick Offerman']"
114,tt1216475,Cars 2,2011,G,106,"['Animation', 'Adventure', 'Comedy']",6.1,57,148351,191452396,"['John Lasseter', 'Bradford Lewis']","['Owen Wilson', 'Larry the Cable Guy', 'Michael Caine', 'Emily Mortimer']"
115,tt1291150,Teenage Mutant Ninja Turtles,2014,PG-13,101,"['Action', 'Adventure', 'Comedy']",5.8,31,195664,191204754,['Jonathan Liebesman'],"['Megan Fox', 'Will Arnett', 'William Fichtner', 'Noel Fisher']"
116,tt4633694,Spider-Man: Into the Spider-Verse,2018,PG,117,"['Animation', 'Action', 'Adventure']",8.4,87,298938,190241310,"['Bob Persichetti', 'Peter Ramsey', 'Rodney Rothman']","['Shameik Moore', 'Jake Johnson', 'Hailee Steinfeld', 'Mahershala Ali']"
117,tt1772341,Wreck-It Ralph,2012,PG,101,"['Animation', 'Adventure', 'Comedy']",7.7,72,361449,189422889,['Rich Moore'],"['John C. Reilly', 'Jack McBrayer', 'Jane Lynch', 'Sarah Silverman']"
118,tt5013056,Dunkirk,2017,PG-13,106,"['Action', 'Drama', 'History']",7.9,94,503460,188373161,['Christopher Nolan'],"['Fionn Whitehead', 'Barry Keoghan', 'Mark Rylance', 'Tom Hardy']"
119,tt6644200,A Quiet Place,2018,PG-13,90,"['Drama', 'Horror', 'Sci-Fi']",7.5,82,356394,188024361,['John Krasinski'],"['Emily Blunt', 'John Krasinski', 'Millicent Simmonds', 'Noah Jupe']"
120,tt0816692,Interstellar,2014,PG-13,169,"['Adventure', 'Drama', 'Sci-Fi']",8.6,74,1380440,188020017,['Christopher Nolan'],"['Matthew McConaughey', 'Anne Hathaway', 'Jessica Chastain', 'Mackenzie Foy']"
121,tt0481499,The Croods,2013,PG,98,"['Animation', 'Action', 'Adventure']",7.2,55,182660,187168425,"['Kirk DeMicco', 'Chris Sanders']","['Nicolas Cage', 'Ryan Reynolds', 'Emma Stone', 'Catherine Keener']"
122,tt1515091,Sherlock Holmes: A Game of Shadows,2011,PG-13,129,"['Action', 'Adventure', 'Crime']",7.5,48,405183,186848418,['Guy Ritchie'],"['Robert Downey Jr.', 'Jude Law', 'Jared Harris', 'Rachel McAdams']"
123,tt2848292,Pitch Perfect 2,2015,PG-13,115,"['Comedy', 'Music']",6.4,63,135872,184296230,['Elizabeth Banks'],"['Anna Kendrick', 'Rebel Wilson', 'Hailee Steinfeld', 'Brittany Snow']"
124,tt1663202,The Revenant,2015,R,156,"['Action', 'Adventure', 'Biography']",8.0,76,659588,183637894,['Alejandro G. Iñárritu'],"['Leonardo DiCaprio', 'Tom Hardy', 'Will Poulter', 'Domhnall Gleeson']"
125,tt0443272,Lincoln,2012,PG-13,150,"['Biography', 'Drama', 'History']",7.3,86,235394,182207973,['Steven Spielberg'],"['Daniel Day-Lewis', 'Sally Field', 'David Strathairn', 'Joseph Gordon-Levitt']"
126,tt0800369,Thor,2011,PG-13,115,"['Action', 'Adventure', 'Fantasy']",7.0,57,712696,181030624,['Kenneth Branagh'],"['Chris Hemsworth', 'Anthony Hopkins', 'Natalie Portman', 'Tom Hiddleston']"
127,tt0478970,Ant-Man,2015,PG-13,117,"['Action', 'Adventure', 'Comedy']",7.3,64,534773,180202163,['Peyton Reed'],"['Paul Rudd', 'Michael Douglas', 'Corey Stoll', 'Evangeline Lilly']"
128,tt1409024,Men in Black 3,2012,PG-13,106,"['Action', 'Adventure', 'Comedy']",6.8,58,322997,179020854,['Barry Sonnenfeld'],"['Will Smith', 'Tommy Lee Jones', 'Josh Brolin', 'Jemaine Clement']"
129,tt2224026,Home,2015,PG,94,"['Animation', 'Adventure', 'Comedy']",6.6,55,88306,177397510,['Tim Johnson'],"['Jim Parsons', 'Rihanna', 'Steve Martin', 'Jennifer Lopez']"
130,tt1646971,How to Train Your Dragon 2,2014,PG,102,"['Animation', 'Action', 'Adventure']",7.8,76,291026,177002924,['Dean DeBlois'],"['Jay Baruchel', 'Cate Blanchett', 'Gerard Butler', 'Craig Ferguson']"
131,tt1318514,Rise of the Planet of the Apes,2011,PG-13,105,"['Action', 'Drama', 'Sci-Fi']",7.6,68,483147,176760185,['Rupert Wyatt'],"['James Franco', 'Andy Serkis', 'Freida Pinto', 'Karin Konoval']"
132,tt0458339,Captain America: The First Avenger,2011,PG-13,124,"['Action', 'Adventure', 'Sci-Fi']",6.9,66,702029,176654505,['Joe Johnston'],"['Chris Evans', 'Hugo Weaving', 'Samuel L. Jackson', 'Hayley Atwell']"
133,tt1155076,The Karate Kid,2010,PG,140,"['Action', 'Drama', 'Family']",6.2,61,152386,176591618,['Harald Zwart'],"['Jackie Chan', 'Jaden Smith', 'Taraji P. Henson', 'Wenwen Han']"
134,tt5052448,Get Out,2017,R,104,"['Horror', 'Mystery', 'Thriller']",7.7,84,445981,176040665,['Jordan Peele'],"['Daniel Kaluuya', 'Allison Williams', 'Bradley Whitford', 'Catherine Keener']"
135,tt4116284,The Lego Batman Movie,2017,PG,104,"['Animation', 'Action', 'Comedy']",7.3,75,124001,175750384,['Chris McKay'],"['Will Arnett', 'Michael Cera', 'Rosario Dawson', 'Ralph Fiennes']"
136,tt6857112,Us,2019,R,116,"['Horror', 'Mystery', 'Thriller']",6.9,81,185605,175005930,['Jordan Peele'],"[""Lupita Nyong'o"", 'Winston Duke', 'Elisabeth Moss', 'Tim Heidecker']"
137,tt3874544,The Boss Baby,2017,PG,97,"['Animation', 'Adventure', 'Comedy']",6.3,50,100496,175003033,['Tom McGrath'],"['Alec Baldwin', 'Steve Buscemi', 'Jimmy Kimmel', 'Lisa Kudrow']"
138,tt3104988,Crazy Rich Asians,2018,PG-13,120,"['Comedy', 'Drama', 'Romance']",6.9,74,119648,174532921,['Jon M. Chu'],"['Constance Wu', 'Henry Golding', 'Michelle Yeoh', 'Gemma Chan']"
139,tt1485796,The Greatest Showman,2017,PG,105,"['Biography', 'Drama', 'Musical']",7.6,48,214978,174340174,['Michael Gracey'],"['Hugh Jackman', 'Michelle Williams', 'Zac Efron', 'Zendaya']"
140,tt1790809,Pirates of the Caribbean: Dead Men Tell No Tales,2017,PG-13,129,"['Action', 'Adventure', 'Fantasy']",6.6,39,243465,172558876,"['Joachim Rønning', 'Espen Sandberg']","['Johnny Depp', 'Geoffrey Rush', 'Javier Bardem', 'Orlando Bloom']"
141,tt1104001,TRON: Legacy,2010,PG,125,"['Action', 'Adventure', 'Sci-Fi']",6.8,49,303764,172062763,['Joseph Kosinski'],"['Jeff Bridges', 'Garrett Hedlund', 'Olivia Wilde', 'Bruce Boxleitner']"
142,tt5028340,Mary Poppins Returns,2018,PG,130,"['Comedy', 'Family', 'Fantasy']",6.7,66,68113,171958438,['Rob Marshall'],"['Emily Blunt', 'Lin-Manuel Miranda', 'Ben Whishaw', 'Emily Mortimer']"
143,tt1403865,True Grit,2010,PG-13,110,"['Drama', 'Western']",7.6,80,294865,171243005,"['Ethan Coen', 'Joel Coen']","['Jeff Bridges', 'Matt Damon', 'Hailee Steinfeld', 'Josh Brolin']"
144,tt6146586,John Wick: Chapter 3 - Parabellum,2019,R,131,"['Action', 'Crime', 'Thriller']",7.5,73,227231,171015687,['Chad Stahelski'],"['Keanu Reeves', 'Halle Berry', 'Ian McShane', 'Laurence Fishburne']"
145,tt1454029,The Help,2011,PG-13,146,['Drama'],8.1,62,405996,169708112,['Tate Taylor'],"['Emma Stone', 'Viola Davis', 'Octavia Spencer', 'Bryce Dallas Howard']"
146,tt2510894,Hotel Transylvania 2,2015,PG,89,"['Animation', 'Comedy', 'Family']",6.7,44,98927,169700110,['Genndy Tartakovsky'],"['Adam Sandler', 'Andy Samberg', 'Selena Gomez', 'Kevin James']"
147,tt4846340,Hidden Figures,2016,PG,127,"['Biography', 'Drama', 'History']",7.8,74,183320,169607287,['Theodore Melfi'],"['Taraji P. Henson', 'Octavia Spencer', 'Janelle Monáe', 'Kevin Costner']"
148,tt1478338,Bridesmaids,2011,R,125,"['Comedy', 'Romance']",6.8,75,257416,169106725,['Paul Feig'],"['Kristen Wiig', 'Maya Rudolph', 'Rose Byrne', 'Terry Crews']"
149,tt3731562,Kong: Skull Island,2017,PG-13,118,"['Action', 'Adventure', 'Fantasy']",6.6,62,253370,168052812,['Jordan Vogt-Roberts'],"['Tom Hiddleston', 'Samuel L. Jackson', 'Brie Larson', 'John C. Reilly']"
150,tt2267998,Gone Girl,2014,R,149,"['Drama', 'Mystery', 'Thriller']",8.1,79,800433,167767189,['David Fincher'],"['Ben Affleck', 'Rosamund Pike', 'Neil Patrick Harris', 'Tyler Perry']"
151,tt5220122,Hotel Transylvania 3: Summer Vacation,2018,PG,97,"['Animation', 'Adventure', 'Comedy']",6.3,54,49192,167510016,['Genndy Tartakovsky'],"['Adam Sandler', 'Andy Samberg', 'Selena Gomez', 'Kevin James']"
152,tt2322441,Fifty Shades of Grey,2015,R,125,"['Drama', 'Romance', 'Thriller']",4.1,46,287034,166167230,['Sam Taylor-Johnson'],"['Dakota Johnson', 'Jamie Dornan', 'Jennifer Ehle', 'Eloise Mumford']"
153,tt6806448,Fast &amp; Furious Presents: Hobbs &amp; Shaw,2019,PG-13,137,"['Action', 'Adventure']",6.5,60,134544,165547320,['David Leitch'],"['Dwayne Johnson', 'Jason Statham', 'Idris Elba', 'Vanessa Kirby']"
154,tt1302011,Kung Fu Panda 2,2011,PG,90,"['Animation', 'Action', 'Adventure']",7.2,67,239483,165249063,['Jennifer Yuh Nelson'],"['Jack Black', 'Angelina Jolie', 'Jackie Chan', 'Dustin Hoffman']"
155,tt0800320,Clash of the Titans,2010,PG-13,106,"['Action', 'Adventure', 'Fantasy']",5.8,39,262778,163214888,['Louis Leterrier'],"['Sam Worthington', 'Liam Neeson', 'Ralph Fiennes', 'Jason Flemyng']"
156,tt2279373,The SpongeBob Movie: Sponge Out of Water,2015,PG,92,"['Animation', 'Adventure', 'Comedy']",6.0,62,45913,162994032,"['Paul Tibbitt', 'Mike Mitchell']","['Tom Kenny', 'Antonio Banderas', 'Bill Fagerbakke', 'Clancy Brown']"
157,tt1853728,Django Unchained,2012,R,165,"['Drama', 'Western']",8.4,81,1272578,162805434,['Quentin Tarantino'],"['Jamie Foxx', 'Christoph Waltz', 'Leonardo DiCaprio', 'Kerry Washington']"
158,tt4196776,Jason Bourne,2016,PG-13,123,"['Action', 'Thriller']",6.6,58,198060,162434410,['Paul Greengrass'],"['Matt Damon', 'Tommy Lee Jones', 'Alicia Vikander', 'Vincent Cassel']"
159,tt1375670,Grown Ups,2010,PG-13,102,['Comedy'],5.9,30,218154,162001186,['Dennis Dugan'],"['Adam Sandler', 'Salma Hayek', 'Kevin James', 'Chris Rock']"
160,tt1667889,Ice Age: Continental Drift,2012,PG,88,"['Animation', 'Adventure', 'Comedy']",6.6,49,182713,161321843,"['Steve Martino', 'Mike Thurmeier']","['Ray Romano', 'Denis Leary', 'John Leguizamo', 'Aziz Ansari']"
161,tt1398426,Straight Outta Compton,2015,R,147,"['Biography', 'Drama', 'History']",7.9,72,171166,161197785,['F. Gary Gray'],"[""O'Shea Jackson Jr."", 'Corey Hawkins', 'Jason Mitchell', 'Neil Brown Jr.']"
162,tt2386490,How to Train Your Dragon: The Hidden World,2019,PG,104,"['Animation', 'Action', 'Adventure']",7.5,71,87955,160799505,['Dean DeBlois'],"['Jay Baruchel', 'America Ferrera', 'F. Murray Abraham', 'Cate Blanchett']"
163,tt2404463,The Heat,2013,R,117,"['Action', 'Comedy', 'Crime']",6.6,60,157206,159582188,['Paul Feig'],"['Sandra Bullock', 'Michael McDonald', 'Melissa McCarthy', 'Demián Bichir']"
164,tt4123430,Fantastic Beasts: The Crimes of Grindelwald,2018,PG-13,134,"['Adventure', 'Family', 'Fantasy']",6.6,52,195248,159555901,['David Yates'],"['Eddie Redmayne', 'Katherine Waterston', 'Dan Fogler', 'Johnny Depp']"
165,tt1502407,Halloween,2018,R,106,"['Horror', 'Thriller']",6.6,67,106240,159342015,['David Gordon Green'],"['Jamie Lee Curtis', 'Judy Greer', 'Andi Matichak', 'James Jude Courtney']"
166,tt2660888,Star Trek Beyond,2016,PG-13,122,"['Action', 'Adventure', 'Sci-Fi']",7.1,68,217767,158848340,['Justin Lin'],"['Chris Pine', 'Zachary Quinto', 'Karl Urban', 'Zoe Saldana']"
167,tt5113040,The Secret Life of Pets 2,2019,PG,86,"['Animation', 'Adventure', 'Comedy']",6.5,55,38503,158141960,"['Chris Renaud', 'Jonathan del Val']","['Patton Oswalt', 'Kevin Hart', 'Harrison Ford', 'Eric Stonestreet']"
168,tt3385516,X-Men: Apocalypse,2016,PG-13,144,"['Action', 'Adventure', 'Sci-Fi']",6.9,52,374744,155442489,['Bryan Singer'],"['James McAvoy', 'Michael Fassbender', 'Jennifer Lawrence', 'Nicholas Hoult']"
169,tt1735898,Snow White and the Huntsman,2012,PG-13,127,"['Action', 'Adventure', 'Drama']",6.1,57,264764,155332381,['Rupert Sanders'],"['Kristen Stewart', 'Chris Hemsworth', 'Charlize Theron', 'Sam Claflin']"
170,tt2126355,San Andreas,2015,PG-13,114,"['Action', 'Adventure', 'Drama']",6.0,43,200906,155190832,['Brad Peyton'],"['Dwayne Johnson', 'Carla Gugino', 'Alexandra Daddario', 'Colton Haynes']"
171,tt1392190,Mad Max: Fury Road,2015,R,120,"['Action', 'Adventure', 'Sci-Fi']",8.1,90,822201,154058340,['George Miller'],"['Tom Hardy', 'Charlize Theron', 'Nicholas Hoult', 'Zoë Kravitz']"
172,tt1679335,Trolls,2016,PG,92,"['Animation', 'Adventure', 'Comedy']",6.5,56,66220,153707064,"['Mike Mitchell', 'Walt Dohrn']","['Anna Kendrick', 'Justin Timberlake', 'Zooey Deschanel', 'Christopher Mintz-Plasse']"
173,tt3606752,Cars 3,2017,G,102,"['Animation', 'Adventure', 'Comedy']",6.7,59,66442,152901115,['Brian Fee'],"['Owen Wilson', 'Cristela Alonzo', 'Chris Cooper', 'Nathan Fillion']"
174,tt3783958,La La Land,2016,PG-13,128,"['Comedy', 'Drama', 'Music']",8.0,93,466308,151101803,['Damien Chazelle'],"['Ryan Gosling', 'Emma Stone', 'Rosemarie DeWitt', 'J.K. Simmons']"
175,tt1840309,Divergent,2014,PG-13,139,"['Action', 'Adventure', 'Mystery']",6.7,48,410126,150947895,['Neil Burger'],"['Shailene Woodley', 'Theo James', 'Kate Winslet', 'Jai Courtney']"
176,tt1723121,We're the Millers,2013,R,110,"['Comedy', 'Crime']",7.0,44,384849,150394119,['Rawson Marshall Thurber'],"['Jason Sudeikis', 'Jennifer Aniston', 'Emma Roberts', 'Ed Helms']"
177,tt1528854,Daddy's Home,2015,PG-13,96,"['Comedy', 'Family']",6.2,42,102282,150357137,['Sean Anders'],"['Will Ferrell', 'Mark Wahlberg', 'Linda Cardellini', 'Thomas Haden Church']"
178,tt2004420,Neighbors,2014,R,97,['Comedy'],6.3,68,274513,150157400,['Nicholas Stoller'],"['Seth Rogen', 'Rose Byrne', 'Zac Efron', 'Lisa Kudrow']"
179,tt1800241,American Hustle,2013,R,138,"['Crime', 'Drama']",7.2,90,430971,150117807,['David O. Russell'],"['Christian Bale', 'Amy Adams', 'Bradley Cooper', 'Jennifer Lawrence']"
180,tt0448694,Puss in Boots,2011,PG,90,"['Animation', 'Adventure', 'Comedy']",6.6,65,138111,149260504,['Chris Miller'],"['Antonio Banderas', 'Salma Hayek', 'Zach Galifianakis', 'Billy Bob Thornton']"
181,tt1707386,Les Misérables,2012,PG-13,158,"['Drama', 'History', 'Musical']",7.6,63,295517,148809770,['Tom Hooper'],"['Hugh Jackman', 'Russell Crowe', 'Anne Hathaway', 'Amanda Seyfried']"
182,tt1001526,Megamind,2010,PG,95,"['Animation', 'Action', 'Comedy']",7.2,63,216203,148415853,['Tom McGrath'],"['Will Ferrell', 'Jonah Hill', 'Brad Pitt', 'Tina Fey']"
183,tt0970866,Little Fockers,2010,PG-13,98,"['Comedy', 'Romance']",5.5,27,102363,148383780,['Paul Weitz'],"['Ben Stiller', 'Teri Polo', 'Robert De Niro', 'Owen Wilson']"
184,tt0837562,Hotel Transylvania,2012,PG,91,"['Animation', 'Comedy', 'Family']",7.1,47,212433,148313048,['Genndy Tartakovsky'],"['Adam Sandler', 'Kevin James', 'Andy Samberg', 'Selena Gomez']"
185,tt3450958,War for the Planet of the Apes,2017,PG-13,140,"['Action', 'Adventure', 'Drama']",7.4,82,213866,146880162,['Matt Reeves'],"['Andy Serkis', 'Woody Harrelson', 'Steve Zahn', 'Karin Konoval']"
186,tt1270798,X: First Class,2011,PG-13,131,"['Action', 'Adventure', 'Sci-Fi']",7.7,65,626530,146408305,['Matthew Vaughn'],"['James McAvoy', 'Michael Fassbender', 'Jennifer Lawrence', 'Kevin Bacon']"
187,tt1343092,The Great Gatsby,2013,PG-13,143,"['Drama', 'Romance']",7.2,55,451644,144840419,['Baz Luhrmann'],"['Leonardo DiCaprio', 'Carey Mulligan', 'Joel Edgerton', 'Tobey Maguire']"
188,tt5884052,Pokémon Detective Pikachu,2019,PG,104,"['Action', 'Adventure', 'Comedy']",6.6,53,115969,144105346,['Rob Letterman'],"['Ryan Reynolds', 'Justice Smith', 'Kathryn Newton', 'Bill Nighy']"
189,tt1436562,Rio,2011,G,96,"['Animation', 'Adventure', 'Comedy']",6.9,63,197795,143619809,['Carlos Saldanha'],"['Jesse Eisenberg', 'Anne Hathaway', 'George Lopez', 'Karen Disher']"
190,tt2267968,Kung Fu Panda 3,2016,PG,95,"['Animation', 'Action', 'Adventure']",7.1,66,124241,143528619,"['Alessandro Carloni', 'Jennifer Yuh Nelson']","['Jack Black', 'Bryan Cranston', 'Dustin Hoffman', 'Angelina Jolie']"
191,tt4779682,The Meg,2018,PG-13,113,"['Action', 'Horror', 'Sci-Fi']",5.7,46,130633,143005856,['Jon Turteltaub'],"['Jason Statham', 'Bingbing Li', 'Rainn Wilson', 'Cliff Curtis']"
192,tt0472181,The Smurfs,2011,PG,103,"['Animation', 'Adventure', 'Comedy']",5.4,30,80073,142614158,['Raja Gosnell'],"['Hank Azaria', 'Katy Perry', 'Jonathan Winters', 'Neil Patrick Harris']"
193,tt0448115,Shazam!,2019,PG-13,132,"['Action', 'Adventure', 'Comedy']",7.1,71,218837,140371656,['David F. Sandberg'],"['Zachary Levi', 'Mark Strong', 'Asher Angel', 'Jack Dylan Grazer']"
194,tt5164214,Ocean's 8,2018,PG-13,110,"['Action', 'Comedy', 'Crime']",6.2,61,162188,140218711,['Gary Ross'],"['Sandra Bullock', 'Cate Blanchett', 'Anne Hathaway', 'Mindy Kaling']"
195,tt1397280,Taken 2,2012,PG-13,92,"['Action', 'Thriller']",6.3,45,280293,139854287,['Olivier Megaton'],"['Liam Neeson', 'Famke Janssen', 'Maggie Grace', 'Leland Orser']"
196,tt1504320,The King's Speech,2010,R,118,"['Biography', 'Drama', 'History']",8.0,88,613531,138797449,['Tom Hooper'],"['Colin Firth', 'Geoffrey Rush', 'Helena Bonham Carter', 'Derek Jacobi']"
197,tt1232829,21 Jump Street,2012,R,109,"['Action', 'Comedy', 'Crime']",7.2,69,491837,138447667,"['Phil Lord', 'Christopher Miller']","['Jonah Hill', 'Channing Tatum', 'Ice Cube', 'Brie Larson']"
198,tt4972582,Split,2016,PG-13,117,"['Horror', 'Thriller']",7.3,62,392220,138291365,['M. Night Shyamalan'],"['James McAvoy', 'Anya Taylor-Joy', 'Haley Lu Richardson', 'Jessica Sula']"
199,tt1677720,Ready Player One,2018,PG-13,140,"['Action', 'Adventure', 'Sci-Fi']",7.5,64,332419,137690172,['Steven Spielberg'],"['Tye Sheridan', 'Olivia Cooke', 'Ben Mendelsohn', 'Lena Waithe']"
200,tt1457767,The Conjuring,2013,R,112,"['Horror', 'Mystery', 'Thriller']",7.5,68,418137,137400141,['James Wan'],"['Patrick Wilson', 'Vera Farmiga', 'Ron Livingston', 'Lili Taylor']"
201,tt1024648,Argo,2012,R,120,"['Biography', 'Drama', 'Thriller']",7.7,86,551275,136025503,['Ben Affleck'],"['Ben Affleck', 'Bryan Cranston', 'John Goodman', 'Alan Arkin']"
202,tt7131622,Once Upon a Time... in Hollywood,2019,R,161,"['Comedy', 'Drama']",7.7,83,400243,135371627,['Quentin Tarantino'],"['Leonardo DiCaprio', 'Brad Pitt', 'Margot Robbie', 'Emile Hirsch']"
203,tt1408253,Ride Along,2014,PG-13,99,"['Action', 'Comedy', 'Crime']",6.2,41,97880,134938200,['Tim Story'],"['Ice Cube', 'Kevin Hart', 'Tika Sumpter', 'John Leguizamo']"
204,tt2024432,Identity Thief,2013,R,111,"['Comedy', 'Crime', 'Drama']",5.7,35,119392,134506920,['Seth Gordon'],"['Jason Bateman', 'Melissa McCarthy', 'John Cho', 'Amanda Peet']"
205,tt2191701,Grown Ups 2,2013,PG-13,101,['Comedy'],5.4,19,133769,133668525,['Dennis Dugan'],"['Adam Sandler', 'Kevin James', 'Chris Rock', 'David Spade']"
206,tt1615918,Alvin and the Chipmunks: Chipwrecked,2011,G,87,"['Animation', 'Adventure', 'Comedy']",4.3,24,29552,133110742,['Mike Mitchell'],"['Justin Long', 'Matthew Gray Gubler', 'Jesse McCartney', 'Jason Lee']"
207,tt1430132,The Wolverine,2013,PG-13,126,"['Action', 'Adventure', 'Sci-Fi']",6.7,61,414269,132556852,['James Mangold'],"['Hugh Jackman', 'Will Yun Lee', 'Tao Okamoto', 'Rila Fukushima']"
208,tt2543472,Wonder,2017,PG,113,"['Drama', 'Family']",8.0,66,124142,132422809,['Stephen Chbosky'],"['Jacob Tremblay', 'Owen Wilson', 'Izabela Vidovic', 'Julia Roberts']"
209,tt1045658,Silver Linings Playbook,2012,R,122,"['Comedy', 'Drama', 'Romance']",7.7,81,637392,132092958,['David O. Russell'],"['Bradley Cooper', 'Jennifer Lawrence', 'Robert De Niro', 'Jacki Weaver']"
210,tt0938283,The Last Airbender,2010,PG,103,"['Action', 'Adventure', 'Family']",4.1,20,141595,131564731,['M. Night Shyamalan'],"['Noah Ringer', 'Nicola Peltz', 'Jackson Rathbone', 'Dev Patel']"
211,tt2357291,Rio 2,2014,G,101,"['Animation', 'Adventure', 'Comedy']",6.3,49,75360,131538435,['Carlos Saldanha'],"['Jesse Eisenberg', 'Anne Hathaway', 'Jemaine Clement', 'Andy Garcia']"
212,tt2908446,Insurgent,2015,PG-13,119,"['Action', 'Adventure', 'Sci-Fi']",6.2,42,207209,130179072,['Robert Schwentke'],"['Shailene Woodley', 'Ansel Elgort', 'Theo James', 'Kate Winslet']"
213,tt2452042,The Peanuts Movie,2015,G,88,"['Animation', 'Adventure', 'Comedy']",7.1,67,40458,130178411,['Steve Martino'],"['Noah Schnapp', 'Bill Melendez', 'Hadley Belle Miller', 'Francesca Capaldi']"
214,tt3371366,Transformers: The Last Knight,2017,PG-13,154,"['Action', 'Adventure', 'Sci-Fi']",5.2,27,127422,130168683,['Michael Bay'],"['Mark Wahlberg', 'Anthony Hopkins', 'Josh Duhamel', 'Laura Haddock']"
215,tt1289401,Ghostbusters,2016,PG-13,116,"['Action', 'Comedy', 'Fantasy']",5.2,60,195359,128344089,['Paul Feig'],"['Melissa McCarthy', 'Kristen Wiig', 'Kate McKinnon', 'Leslie Jones']"
216,tt2802144,Kingsman: The Secret Service,2014,R,129,"['Action', 'Adventure', 'Comedy']",7.7,60,565222,128261724,['Matthew Vaughn'],"['Colin Firth', 'Taron Egerton', 'Samuel L. Jackson', 'Michael Caine']"
217,tt1130884,Shutter Island,2010,R,138,"['Mystery', 'Thriller']",8.1,63,1055315,128012934,['Martin Scorsese'],"['Leonardo DiCaprio', 'Emily Mortimer', 'Mark Ruffalo', 'Ben Kingsley']"
218,tt2180411,Into the Woods,2014,PG,125,"['Adventure', 'Comedy', 'Drama']",5.9,69,127144,128002372,['Rob Marshall'],"['Anna Kendrick', 'Meryl Streep', 'Chris Pine', 'Emily Blunt']"
219,tt1489889,Central Intelligence,2016,PG-13,107,"['Action', 'Comedy', 'Crime']",6.3,52,148241,127440871,['Rawson Marshall Thurber'],"['Dwayne Johnson', 'Kevin Hart', 'Danielle Nicolet', 'Amy Ryan']"
220,tt1229340,Anchorman 2: The Legend Continues,2013,PG-13,119,['Comedy'],6.3,61,161719,127352707,['Adam McKay'],"['Will Ferrell', 'Christina Applegate', 'Paul Rudd', 'Steve Carell']"
221,tt4701182,Bumblebee,2018,PG-13,114,"['Action', 'Adventure', 'Sci-Fi']",6.8,66,119571,127195589,['Travis Knight'],"['Hailee Steinfeld', 'Jorge Lendeborg Jr.', 'John Cena', 'Jason Drucker']"
222,tt1650062,Super 8,2011,PG-13,112,"['Action', 'Mystery', 'Sci-Fi']",7.0,72,326915,127004179,['J.J. Abrams'],"['Elle Fanning', 'AJ Michalka', 'Kyle Chandler', 'Joel Courtney']"
223,tt2872732,Lucy,2014,R,89,"['Action', 'Sci-Fi', 'Thriller']",6.4,61,419832,126663600,['Luc Besson'],"['Scarlett Johansson', 'Morgan Freeman', 'Min-sik Choi', 'Amr Waked']"
224,tt0918940,The Legend of Tarzan,2016,PG-13,110,"['Action', 'Adventure', 'Drama']",6.2,44,156445,126643061,['David Yates'],"['Alexander Skarsgård', 'Rory J. Saper', 'Christian Stevens', 'Christoph Waltz']"
225,tt1446714,Prometheus,2012,R,124,"['Adventure', 'Mystery', 'Sci-Fi']",7.0,64,551368,126477084,['Ridley Scott'],"['Noomi Rapace', 'Logan Marshall-Green', 'Michael Fassbender', 'Charlize Theron']"
226,tt1599348,Safe House,2012,R,115,"['Action', 'Thriller']",6.7,52,197657,126373434,['Daniel Espinosa'],"['Denzel Washington', 'Ryan Reynolds', 'Robert Patrick', 'Vera Farmiga']"
227,tt1091191,Lone Survivor,2013,R,121,"['Action', 'Biography', 'Drama']",7.5,60,255088,125095601,['Peter Berg'],"['Mark Wahlberg', 'Taylor Kitsch', 'Emile Hirsch', 'Ben Foster']"
228,tt3263904,Sully,2016,PG-13,96,"['Biography', 'Drama']",7.4,74,218267,125070033,['Clint Eastwood'],"['Tom Hanks', 'Aaron Eckhart', 'Laura Linney', 'Valerie Mahaffey']"
229,tt1606389,The Vow,2012,PG-13,104,"['Drama', 'Romance']",6.8,43,178009,125014030,['Michael Sucsy'],"['Rachel McAdams', 'Channing Tatum', 'Sam Neill', 'Jessica Lange']"
230,tt0454876,Life of Pi,2012,PG,127,"['Adventure', 'Drama', 'Fantasy']",7.9,79,555084,124987023,['Ang Lee'],"['Suraj Sharma', 'Irrfan Khan', 'Adil Hussain', 'Tabu']"
231,tt2582846,The Fault in Our Stars,2014,PG-13,126,"['Drama', 'Romance']",7.7,69,327101,124872350,['Josh Boone'],"['Shailene Woodley', 'Ansel Elgort', 'Nat Wolff', 'Laura Dern']"
232,tt1192628,Rango,2011,PG,107,"['Animation', 'Adventure', 'Comedy']",7.2,75,224214,123477607,['Gore Verbinski'],"['Johnny Depp', 'Isla Fisher', 'Timothy Olyphant', 'Abigail Breslin']"
233,tt1979388,The Good Dinosaur,2015,PG,93,"['Animation', 'Adventure', 'Comedy']",6.7,66,95599,123087120,['Peter Sohn'],"['Jeffrey Wright', 'Frances McDormand', 'Maleah Nipay-Padilla', 'Ryan Teeple']"
234,tt1583421,G.I. Joe: Retaliation,2013,PG-13,110,"['Action', 'Adventure', 'Sci-Fi']",5.8,41,168831,122523060,['Jon M. Chu'],"['Dwayne Johnson', 'Channing Tatum', 'Adrianne Palicki', 'Byung-hun Lee']"
235,tt6911608,Mamma Mia! Here We Go Again,2018,PG-13,114,"['Comedy', 'Musical', 'Romance']",6.7,60,69051,120634935,['Ol Parker'],"['Lily James', 'Amanda Seyfried', 'Meryl Streep', 'Cher']"
236,tt1985966,Cloudy with a Chance of Meatballs 2,2013,PG,95,"['Animation', 'Adventure', 'Comedy']",6.4,59,85058,119793567,"['Cody Cameron', 'Kris Pearn']","['Bill Hader', 'Anna Faris', 'Will Forte', 'Neil Patrick Harris']"
237,tt1386588,The Other Guys,2010,PG-13,107,"['Action', 'Comedy', 'Crime']",6.6,64,230551,119219978,['Adam McKay'],"['Will Ferrell', 'Mark Wahlberg', 'Derek Jeter', 'Eva Mendes']"
238,tt0944835,Salt,2010,PG-13,100,"['Action', 'Mystery', 'Thriller']",6.4,65,284411,118311368,['Phillip Noyce'],"['Angelina Jolie', 'Liev Schreiber', 'Chiwetel Ejiofor', 'Daniel Olbrychski']"
239,tt1670345,Now You See Me,2013,PG-13,115,"['Crime', 'Mystery', 'Thriller']",7.3,50,570517,117723989,['Louis Leterrier'],"['Jesse Eisenberg', 'Common', 'Mark Ruffalo', 'Woody Harrelson']"
240,tt1499658,Horrible Bosses,2011,R,98,"['Comedy', 'Crime']",6.9,57,408315,117538559,['Seth Gordon'],"['Jason Bateman', 'Charlie Day', 'Jason Sudeikis', 'Steve Wiebe']"
241,tt5814060,The Nun,2018,R,96,"['Horror', 'Mystery', 'Thriller']",5.3,46,105222,117450119,['Corin Hardy'],"['Demián Bichir', 'Taissa Farmiga', 'Jonas Bloquet', 'Bonnie Aarons']"
242,tt1116184,Jackass 3D,2010,R,94,"['Documentary', 'Action', 'Comedy']",7.0,56,54847,117224271,['Jeff Tremaine'],"['Johnny Knoxville', 'Steve-O', 'Bam Margera', 'Ryan Dunn']"
243,tt0993846,The Wolf of Wall Street,2013,R,180,"['Biography', 'Crime', 'Drama']",8.2,75,1093067,116900694,['Martin Scorsese'],"['Leonardo DiCaprio', 'Jonah Hill', 'Margot Robbie', 'Matthew McConaughey']"
244,tt1327773,The Butler,2013,PG-13,132,"['Biography', 'Drama']",7.2,66,104827,116632095,['Lee Daniels'],"['Forest Whitaker', 'Oprah Winfrey', 'John Cusack', 'Jane Fonda']"
245,tt1133985,Green Lantern,2011,PG-13,114,"['Action', 'Adventure', 'Sci-Fi']",5.5,39,258753,116601172,['Martin Campbell'],"['Ryan Reynolds', 'Blake Lively', 'Peter Sarsgaard', 'Mark Strong']"
246,tt6343314,Creed II,2018,PG-13,130,"['Drama', 'Sport']",7.1,66,92317,115715889,['Steven Caple Jr.'],"['Michael B. Jordan', 'Sylvester Stallone', 'Tessa Thompson', 'Phylicia Rashad']"
247,tt1809398,Unbroken,2014,PG-13,137,"['Biography', 'Drama', 'Sport']",7.2,59,136622,115637895,['Angelina Jolie'],"[""Jack O'Connell"", 'Miyavi', 'Domhnall Gleeson', 'Garrett Hedlund']"
248,tt5117670,Peter Rabbit,2018,PG,95,"['Adventure', 'Comedy', 'Family']",6.5,51,31443,115253424,['Will Gluck'],"['James Corden', 'Fayssal Bazzi', 'Domhnall Gleeson', 'Sia']"
249,tt3564472,Girls Trip,2017,R,122,"['Adventure', 'Comedy', 'Drama']",6.2,71,31909,115171585,['Malcolm D. Lee'],"['Regina Hall', 'Queen Latifah', 'Jada Pinkett Smith', 'Tiffany Haddish']"
250,tt3861390,Dumbo,2019,PG,112,"['Adventure', 'Family', 'Fantasy']",6.3,51,56293,114766307,['Tim Burton'],"['Colin Farrell', 'Michael Keaton', 'Danny DeVito', 'Eva Green']"
251,tt4465564,Fifty Shades Darker,2017,R,118,"['Drama', 'Romance']",4.6,33,86110,114376885,['James Foley'],"['Dakota Johnson', 'Jamie Dornan', 'Eric Johnson', 'Eloise Mumford']"
252,tt2692250,Night at the Museum: Secret of the Tomb,2014,PG,98,"['Adventure', 'Comedy', 'Family']",6.2,47,98790,113746621,['Shawn Levy'],"['Ben Stiller', 'Robin Williams', 'Owen Wilson', 'Dick Van Dyke']"
253,tt1915581,Magic Mike,2012,R,110,"['Comedy', 'Drama']",6.1,72,126912,113721571,['Steven Soderbergh'],"['Channing Tatum', 'Alex Pettyfer', 'Olivia Munn', 'Matthew McConaughey']"
254,tt4651520,Bad Moms,2016,R,100,['Comedy'],6.2,60,107525,113257297,"['Jon Lucas', 'Scott Moore']","['Mila Kunis', 'Kathryn Hahn', 'Kristen Bell', 'Christina Applegate']"
255,tt1194173,The Bourne Legacy,2012,PG-13,135,"['Action', 'Adventure', 'Thriller']",6.7,61,275318,113203870,['Tony Gilroy'],"['Jeremy Renner', 'Rachel Weisz', 'Edward Norton', 'Scott Glenn']"
256,tt1951261,The Hangover Part III,2013,R,100,['Comedy'],5.8,30,281083,112200072,['Todd Phillips'],"['Bradley Cooper', 'Zach Galifianakis', 'Ed Helms', 'Justin Bartha']"
257,tt0864835,Mr. Peabody &amp; Sherman,2014,PG,92,"['Animation', 'Adventure', 'Comedy']",6.8,59,59341,111506430,['Rob Minkoff'],"['Ty Burrell', 'Max Charles', 'Stephen Colbert', 'Leslie Mann']"
258,tt6823368,Glass,2019,PG-13,129,"['Drama', 'Sci-Fi', 'Thriller']",6.7,43,183294,111035005,['M. Night Shyamalan'],"['James McAvoy', 'Bruce Willis', 'Samuel L. Jackson', 'Anya Taylor-Joy']"
259,tt3079380,Spy,2015,R,120,"['Action', 'Comedy', 'Crime']",7.0,75,220783,110825712,['Paul Feig'],"['Melissa McCarthy', 'Rose Byrne', 'Jude Law', 'Jason Statham']"
260,tt3741700,Godzilla: King of the Monsters,2019,PG-13,132,"['Action', 'Adventure', 'Fantasy']",6.1,48,110332,110495191,['Michael Dougherty'],"['Kyle Chandler', 'Vera Farmiga', 'Millie Bobby Brown', 'Ken Watanabe']"
261,tt0817230,Valentine's Day,2010,PG-13,125,"['Comedy', 'Romance']",5.7,34,109745,110485654,['Garry Marshall'],"['Julia Roberts', 'Jamie Foxx', 'Anne Hathaway', 'Jessica Alba']"
262,tt3152624,Trainwreck,2015,R,125,"['Comedy', 'Drama', 'Romance']",6.2,75,125242,110212700,['Judd Apatow'],"['Amy Schumer', 'Bill Hader', 'Brie Larson', 'Colin Quinn']"
263,tt3076658,Creed,2015,PG-13,133,"['Drama', 'Sport']",7.6,82,235394,109767581,['Ryan Coogler'],"['Michael B. Jordan', 'Sylvester Stallone', 'Tessa Thompson', 'Phylicia Rashad']"
264,tt1987680,The Upside,2017,PG-13,126,"['Comedy', 'Drama']",6.9,46,37882,108252517,['Neil Burger'],"['Kevin Hart', 'Bryan Cranston', 'Nicole Kidman', 'Aja Naomi King']"
265,tt1411704,Hop,2011,PG,95,"['Animation', 'Adventure', 'Comedy']",5.4,41,29766,108085305,['Tim Hill'],"['Russell Brand', 'James Marsden', 'Elizabeth Perkins', 'Kaley Cuoco']"
266,tt3890160,Baby Driver,2017,R,113,"['Action', 'Crime', 'Drama']",7.6,86,399189,107825862,['Edgar Wright'],"['Ansel Elgort', 'Jon Bernthal', 'Jon Hamm', 'Eiza González']"
267,tt0848537,Epic,2013,PG,102,"['Animation', 'Adventure', 'Family']",6.7,52,97264,107518682,['Chris Wedge'],"['Amanda Seyfried', 'Josh Hutcherson', 'Beyoncé', 'Colin Farrell']"
268,tt1985949,Angry Birds,2016,PG,97,"['Animation', 'Action', 'Adventure']",6.3,43,75238,107509366,"['Clay Kaytis', 'Fergal Reilly']","['Jason Sudeikis', 'Josh Gad', 'Danny McBride', 'Maya Rudolph']"
269,tt1535109,Captain Phillips,2013,PG-13,134,"['Biography', 'Crime', 'Drama']",7.8,83,400809,107100855,['Paul Greengrass'],"['Tom Hanks', 'Barkhad Abdi', 'Barkhad Abdirahman', 'Catherine Keener']"
270,tt0947798,Black Swan,2010,R,108,"['Drama', 'Thriller']",8.0,79,670457,106954678,['Darren Aronofsky'],"['Natalie Portman', 'Mila Kunis', 'Vincent Cassel', 'Winona Ryder']"
271,tt1253863,300: Rise of an Empire,2014,R,102,"['Action', 'Drama']",6.2,48,271144,106580051,['Noam Murro'],"['Sullivan Stapleton', 'Eva Green', 'Lena Headey', 'Hans Matheson']"
272,tt3513498,The Lego Movie 2: The Second Part,2019,PG,107,"['Animation', 'Action', 'Adventure']",6.6,65,46115,105806508,['Mike Mitchell'],"['Chris Pratt', 'Elizabeth Banks', 'Will Arnett', 'Tiffany Haddish']"
273,tt0955308,Robin Hood,2010,PG-13,140,"['Action', 'Drama', 'History']",6.6,53,245430,105269730,['Ridley Scott'],"['Russell Crowe', 'Cate Blanchett', 'Matthew Macfadyen', 'Max von Sydow']"
274,tt4765284,Pitch Perfect 3,2017,PG-13,93,"['Comedy', 'Music']",5.8,40,50547,104897530,['Trish Sie'],"['Anna Kendrick', 'Rebel Wilson', 'Brittany Snow', 'Anna Camp']"
275,tt0980970,The Chronicles of Narnia: The Voyage of the Dawn Treader,2010,PG,113,"['Adventure', 'Family', 'Fantasy']",6.3,53,134844,104386950,['Michael Apted'],"['Ben Barnes', 'Skandar Keynes', 'Georgie Henley', 'Will Poulter']"
276,tt5657846,Daddy's Home 2,2017,PG-13,100,['Comedy'],6.0,30,56083,104029443,['Sean Anders'],"['Will Ferrell', 'Mark Wahlberg', 'Mel Gibson', 'John Lithgow']"
277,tt1778304,Paranormal Activity 3,2011,R,83,"['Horror', 'Mystery', 'Thriller']",5.8,59,87569,104007828,"['Henry Joost', 'Ariel Schulman']","['Chloe Csengery', 'Jessica Tyler Brown', 'Christopher Nicholas Smith', 'Lauren Bittner']"
278,tt1397514,Journey 2: The Mysterious Island,2012,PG,94,"['Action', 'Adventure', 'Comedy']",5.8,41,87477,103860290,['Brad Peyton'],"['Josh Hutcherson', 'Dwayne Johnson', 'Michael Caine', 'Luis Guzmán']"
279,tt7959026,The Mule,2018,R,116,"['Crime', 'Drama', 'Thriller']",7.0,58,90308,103804407,['Clint Eastwood'],"['Clint Eastwood', 'Patrick L. Reyes', 'Cesar De León', 'Gustavo Muñoz']"
280,tt1446192,Rise of the Guardians,2012,PG,97,"['Animation', 'Action', 'Adventure']",7.3,58,150376,103412758,['Peter Ramsey'],"['Hugh Jackman', 'Alec Baldwin', 'Isla Fisher', 'Chris Pine']"
281,tt1628841,Independence Day: Resurgence,2016,PG-13,120,"['Action', 'Adventure', 'Sci-Fi']",5.2,32,160170,103144286,['Roland Emmerich'],"['Liam Hemsworth', 'Jeff Goldblum', 'Bill Pullman', 'Maika Monroe']"
282,tt1320253,The Expendables,2010,R,103,"['Action', 'Adventure', 'Thriller']",6.5,45,315552,103068524,['Sylvester Stallone'],"['Sylvester Stallone', 'Jason Statham', 'Jet Li', 'Dolph Lundgren']"
283,tt1564367,Just Go with It,2011,PG-13,117,"['Comedy', 'Romance']",6.4,33,209530,103028109,['Dennis Dugan'],"['Adam Sandler', 'Jennifer Aniston', 'Brooklyn Decker', 'Nicole Kidman']"
284,tt3402236,Murder on the Orient Express,2017,PG-13,114,"['Crime', 'Drama', 'Mystery']",6.5,52,193082,102826543,['Kenneth Branagh'],"['Kenneth Branagh', 'Penélope Cruz', 'Willem Dafoe', 'Judi Dench']"
285,tt1568346,The Girl with the Dragon Tattoo,2011,R,158,"['Crime', 'Drama', 'Mystery']",7.8,71,400927,102515793,['David Fincher'],"['Daniel Craig', 'Rooney Mara', 'Christopher Plummer', 'Stellan Skarsgård']"
286,tt3065204,The Conjuring 2,2016,R,134,"['Horror', 'Mystery', 'Thriller']",7.3,65,209547,102470008,['James Wan'],"['Vera Farmiga', 'Patrick Wilson', 'Madison Wolfe', ""Frances O'Connor""]"
287,tt1790864,The Maze Runner,2014,PG-13,113,"['Action', 'Mystery', 'Sci-Fi']",6.8,57,399285,102427862,['Wes Ball'],"[""Dylan O'Brien"", 'Kaya Scodelario', 'Will Poulter', 'Thomas Brodie-Sangster']"
288,tt5140878,Annabelle: Creation,2017,R,109,"['Horror', 'Mystery', 'Thriller']",6.5,62,102874,102092201,['David F. Sandberg'],"['Anthony LaPaglia', 'Samara Lee', 'Miranda Otto', 'Brad Greenquist']"
289,tt3766354,The Equalizer 2,2018,R,121,"['Action', 'Crime', 'Thriller']",6.7,50,114166,102084362,['Antoine Fuqua'],"['Denzel Washington', 'Pedro Pascal', 'Ashton Sanders', 'Orson Bean']"
290,tt3063516,Bad Grandpa,2013,R,92,['Comedy'],6.5,54,87233,102003019,['Jeff Tremaine'],"['Johnny Knoxville', 'Jackson Nicoll', 'Gregorio', 'Georgina Cates']"
291,tt1663662,Pacific Rim,2013,PG-13,131,"['Action', 'Adventure', 'Sci-Fi']",6.9,65,453438,101802906,['Guillermo del Toro'],"['Idris Elba', 'Charlie Hunnam', 'Rinko Kikuchi', 'Charlie Day']"
292,tt0455944,The Equalizer,2014,R,132,"['Action', 'Crime', 'Thriller']",7.2,57,315260,101530738,['Antoine Fuqua'],"['Denzel Washington', 'Marton Csokas', 'Chloë Grace Moretz', 'David Harbour']"
293,tt1245492,This Is the End,2013,R,107,['Comedy'],6.6,67,370958,101470202,"['Evan Goldberg', 'Seth Rogen']","['James Franco', 'Jonah Hill', 'Seth Rogen', 'Jay Baruchel']"
294,tt1959490,Noah,2014,PG-13,138,"['Action', 'Adventure', 'Drama']",5.8,68,235035,101200044,['Darren Aronofsky'],"['Russell Crowe', 'Jennifer Connelly', 'Anthony Hopkins', 'Emma Watson']"
295,tt2231461,Rampage,2018,PG-13,107,"['Action', 'Adventure', 'Sci-Fi']",6.1,45,128522,101028233,['Brad Peyton'],"['Dwayne Johnson', 'Naomie Harris', 'Malin Akerman', 'Jeffrey Dean Morgan']"
296,tt2543164,Arrival,2016,PG-13,116,"['Drama', 'Mystery', 'Sci-Fi']",7.9,81,550910,100546139,['Denis Villeneuve'],"['Amy Adams', 'Jeremy Renner', 'Forest Whitaker', 'Michael Stuhlbarg']"
297,tt1231583,Due Date,2010,R,95,"['Comedy', 'Drama']",6.5,51,312248,100539043,['Todd Phillips'],"['Robert Downey Jr.', 'Zach Galifianakis', 'Michelle Monaghan', 'Jamie Foxx']"
298,tt1620680,A Wrinkle in Time,2018,PG,109,"['Adventure', 'Family', 'Fantasy']",4.2,53,38082,100478608,['Ava DuVernay'],"['Storm Reid', 'Oprah Winfrey', 'Reese Witherspoon', 'Mindy Kaling']"
299,tt4477536,Fifty Shades Freed,2018,R,105,"['Drama', 'Romance', 'Thriller']",4.5,31,49237,100407760,['James Foley'],"['Dakota Johnson', 'Jamie Dornan', 'Eric Johnson', 'Eloise Mumford']"
300,tt1284575,Bad Teacher,2011,R,92,"['Comedy', 'Romance']",5.6,47,186346,100292856,['Jake Kasdan'],"['Cameron Diaz', 'Jason Segel', 'Justin Timberlake', 'Lucy Punch']"
301,tt1302067,Yogi Bear,2010,PG,80,"['Animation', 'Adventure', 'Comedy']",4.6,35,19578,100246011,['Eric Brevig'],"['Dan Aykroyd', 'Justin Timberlake', 'Anna Faris', 'Tom Cavanagh']"
302,tt0409847,Cowboys &amp; Aliens,2011,PG-13,119,"['Action', 'Sci-Fi', 'Thriller']",6.0,50,200964,100240551,['Jon Favreau'],"['Daniel Craig', 'Harrison Ford', 'Olivia Wilde', 'Abigail Spencer']"
303,tt4649466,Kingsman: The Golden Circle,2017,R,141,"['Action', 'Adventure', 'Comedy']",6.7,44,250529,100234838,['Matthew Vaughn'],"['Taron Egerton', 'Colin Firth', 'Mark Strong', 'Channing Tatum']"
304,tt1631867,Edge of Tomorrow,2014,PG-13,113,"['Action', 'Sci-Fi']",7.9,71,569269,100206256,['Doug Liman'],"['Tom Cruise', 'Emily Blunt', 'Bill Paxton', 'Brendan Gleeson']"
305,tt1355644,Passengers,2016,PG-13,116,"['Drama', 'Romance', 'Sci-Fi']",7.0,41,327296,100014699,['Morten Tyldum'],"['Jennifer Lawrence', 'Chris Pratt', 'Michael Sheen', 'Laurence Fishburne']"
306,tt0377981,Gnomeo &amp; Juliet,2011,G,84,"['Animation', 'Adventure', 'Comedy']",5.9,53,50724,99967670,['Kelly Asbury'],"['James McAvoy', 'Emily Blunt', 'Maggie Smith', 'Ashley Jensen']"
307,tt4575576,Christopher Robin,2018,PG,104,"['Adventure', 'Comedy', 'Drama']",7.3,60,61670,99215042,['Marc Forster'],"['Ewan McGregor', 'Hayley Atwell', 'Bronte Carmichael', 'Mark Gatiss']"
308,tt2302755,Olympus Has Fallen,2013,R,119,"['Action', 'Thriller']",6.5,41,246641,98925640,['Antoine Fuqua'],"['Gerard Butler', 'Aaron Eckhart', 'Morgan Freeman', 'Angela Bassett']"
309,tt0990407,The Green Hornet,2011,PG-13,119,"['Action', 'Comedy']",5.8,39,151199,98780042,['Michel Gondry'],"['Seth Rogen', 'Jay Chou', 'Christoph Waltz', 'Cameron Diaz']"
310,tt1279935,Date Night,2010,PG-13,88,"['Comedy', 'Crime', 'Romance']",6.3,56,147856,98711404,['Shawn Levy'],"['Steve Carell', 'Tina Fey', 'Mark Wahlberg', 'Taraji P. Henson']"
311,tt1700841,Sausage Party,2016,R,89,"['Animation', 'Adventure', 'Comedy']",6.1,66,166305,97685686,"['Greg Tiernan', 'Conrad Vernon']","['Seth Rogen', 'Kristen Wiig', 'Jonah Hill', 'Alistair Abell']"
312,tt1285016,The Social Network,2010,PG-13,120,"['Biography', 'Drama']",7.7,95,588842,96962694,['David Fincher'],"['Jesse Eisenberg', 'Andrew Garfield', 'Justin Timberlake', 'Rooney Mara']"
313,tt2066051,Rocketman,2019,R,121,"['Biography', 'Drama', 'Music']",7.3,69,98088,96368160,['Dexter Fletcher'],"['Taron Egerton', 'Jamie Bell', 'Richard Madden', 'Bryce Dallas Howard']"
314,tt1790885,Zero Dark Thirty,2012,R,157,"['Drama', 'Thriller']",7.4,95,259514,95720716,['Kathryn Bigelow'],"['Jessica Chastain', 'Joel Edgerton', 'Chris Pratt', 'Mark Strong']"
315,tt1261945,Sex and the City 2,2010,R,146,"['Comedy', 'Drama', 'Romance']",4.5,27,71340,95347692,['Michael Patrick King'],"['Sarah Jessica Parker', 'Kim Cattrall', 'Kristin Davis', 'Cynthia Nixon']"
316,tt0453562,42,2013,PG-13,128,"['Biography', 'Drama', 'Sport']",7.5,62,80158,95001343,['Brian Helgeland'],"['Chadwick Boseman', 'T.R. Knight', 'Harrison Ford', 'Nicole Beharie']"
317,tt1037705,The Book of Eli,2010,R,118,"['Action', 'Adventure', 'Drama']",6.9,53,281288,94835059,"['Albert Hughes', 'Allen Hughes']","['Denzel Washington', 'Mila Kunis', 'Ray Stevenson', 'Gary Oldman']"
318,tt1907668,Flight,2012,R,138,"['Drama', 'Thriller']",7.3,76,311821,93772375,['Robert Zemeckis'],"['Denzel Washington', 'Nadine Velazquez', 'Don Cheadle', 'John Goodman']"
319,tt0964517,The Fighter,2010,R,116,"['Biography', 'Drama', 'Sport']",7.8,79,325902,93617009,['David O. Russell'],"['Mark Wahlberg', 'Christian Bale', 'Amy Adams', 'Melissa Leo']"
320,tt1964418,Tomorrowland,2015,PG,130,"['Action', 'Adventure', 'Family']",6.4,60,165999,93436322,['Brad Bird'],"['George Clooney', 'Britt Robertson', 'Hugh Laurie', 'Raffey Cassidy']"
321,tt2404435,The Magnificent Seven,2016,PG-13,132,"['Action', 'Adventure', 'Western']",6.9,54,175733,93432655,['Antoine Fuqua'],"['Denzel Washington', 'Chris Pratt', 'Ethan Hawke', ""Vincent D'Onofrio""]"
322,tt1535108,Elysium,2013,R,109,"['Action', 'Drama', 'Sci-Fi']",6.6,61,406610,93050117,['Neill Blomkamp'],"['Matt Damon', 'Jodie Foster', 'Sharlto Copley', 'Alice Braga']"
323,tt0840361,The Town,2010,R,125,"['Crime', 'Drama', 'Thriller']",7.5,74,333634,92186262,['Ben Affleck'],"['Ben Affleck', 'Rebecca Hall', 'Jon Hamm', 'Jeremy Renner']"
324,tt2024469,Non-Stop,2014,PG-13,106,"['Action', 'Mystery', 'Thriller']",6.9,56,241337,92168600,['Jaume Collet-Serra'],"['Liam Neeson', 'Julianne Moore', 'Scoot McNairy', 'Michelle Dockery']"
325,tt1856101,Blade Runner 2049,2017,R,164,"['Action', 'Drama', 'Mystery']",8.0,81,415755,92054159,['Denis Villeneuve'],"['Harrison Ford', 'Ryan Gosling', 'Ana de Armas', 'Dave Bautista']"
326,tt4425200,John Wick: Chapter 2,2017,R,122,"['Action', 'Crime', 'Thriller']",7.5,75,333348,92029184,['Chad Stahelski'],"['Keanu Reeves', 'Riccardo Scamarcio', 'Ian McShane', 'Ruby Rose']"
327,tt1621045,Think Like a Man,2012,PG-13,122,"['Comedy', 'Romance']",6.5,51,42076,91547205,['Tim Story'],"['Chris Brown', 'Gabrielle Union', 'Kevin Hart', 'Michael Ealy']"
328,tt1929263,Heaven Is for Real,2014,PG,99,"['Biography', 'Drama', 'Family']",5.8,47,24871,91443253,['Randall Wallace'],"['Greg Kinnear', 'Kelly Reilly', 'Thomas Haden Church', 'Connor Corum']"
329,tt2869728,Ride Along 2,2016,PG-13,102,"['Action', 'Comedy', 'Crime']",5.9,32,50927,91221830,['Tim Story'],"['Ice Cube', 'Kevin Hart', 'Tika Sumpter', 'Benjamin Bratt']"
330,tt2084970,The Imitation Game,2014,PG-13,114,"['Biography', 'Drama', 'Thriller']",8.0,73,645629,91125683,['Morten Tyldum'],"['Benedict Cumberbatch', 'Keira Knightley', 'Matthew Goode', 'Allen Leech']"
331,tt0473075,Prince of Persia: The Sands of Time,2010,PG-13,116,"['Action', 'Fantasy']",6.6,50,262503,90759676,['Mike Newell'],"['Jake Gyllenhaal', 'Gemma Arterton', 'Ben Kingsley', 'Alfred Molina']"
332,tt2561572,Get Hard,2015,R,100,"['Comedy', 'Crime']",6.0,34,115720,90411453,['Etan Cohen'],"['Will Ferrell', 'Kevin Hart', 'Alison Brie', 'T.I.']"
333,tt1245526,RED,2010,PG-13,111,"['Action', 'Comedy', 'Crime']",7.0,60,278260,90380162,['Robert Schwentke'],"['Bruce Willis', 'Helen Mirren', 'Morgan Freeman', 'Mary-Louise Parker']"
334,tt1691917,Planes,2013,PG,91,"['Animation', 'Adventure', 'Comedy']",5.7,39,40894,90288712,['Klay Hall'],"['Carlos Alazraqui', 'Dane Cook', 'Stacy Keach', 'Brad Garrett']"
335,tt1340138,Terminator Genisys,2015,PG-13,126,"['Action', 'Adventure', 'Sci-Fi']",6.4,38,248695,89760956,['Alan Taylor'],"['Arnold Schwarzenegger', 'Jason Clarke', 'Emilia Clarke', 'Jai Courtney']"
336,tt1210819,The Lone Ranger,2013,PG-13,150,"['Action', 'Adventure', 'Comedy']",6.4,37,214006,89302115,['Gore Verbinski'],"['Johnny Depp', 'Armie Hammer', 'William Fichtner', 'Tom Wilkinson']"
337,tt2446042,Taken 3,2014,PG-13,108,"['Action', 'Thriller']",6.0,26,171279,89256424,['Olivier Megaton'],"['Liam Neeson', 'Forest Whitaker', 'Maggie Grace', 'Famke Janssen']"
338,tt4160708,Don't Breathe,2016,R,88,"['Crime', 'Horror', 'Thriller']",7.1,71,201657,89217875,['Fede Alvarez'],"['Stephen Lang', 'Jane Levy', 'Dylan Minnette', 'Daniel Zovatto']"
339,tt1483013,Oblivion,2013,PG-13,124,"['Action', 'Adventure', 'Sci-Fi']",7.0,54,467558,89021735,['Joseph Kosinski'],"['Tom Cruise', 'Morgan Freeman', 'Andrea Riseborough', 'Olga Kurylenko']"
340,tt0814255,Percy Jackson &amp; the Olympians: The Lightning Thief,2010,PG,118,"['Adventure', 'Family', 'Fantasy']",5.9,47,169980,88761720,['Chris Columbus'],"['Logan Lerman', 'Kevin McKidd', 'Steve Coogan', 'Brandon T. Jackson']"
341,tt1204342,The Muppets,2011,PG,103,"['Adventure', 'Comedy', 'Family']",7.1,75,84573,88631237,['James Bobin'],"['Amy Adams', 'Jason Segel', 'Chris Cooper', 'Rashida Jones']"
342,tt1935859,Miss Peregrine's Home for Peculiar Children,2016,PG-13,127,"['Adventure', 'Drama', 'Fantasy']",6.7,57,147674,87242834,['Tim Burton'],"['Eva Green', 'Asa Butterfield', 'Samuel L. Jackson', 'Judi Dench']"
343,tt1850457,Sisters,2015,R,118,['Comedy'],6.0,58,60744,87044645,['Jason Moore'],"['Amy Poehler', 'Tina Fey', 'Maya Rudolph', 'Ike Barinholtz']"
344,tt1790886,The Campaign,2012,R,85,['Comedy'],6.1,50,121249,86907746,['Jay Roach'],"['Will Ferrell', 'Zach Galifianakis', 'Jason Sudeikis', 'Dylan McDermott']"
345,tt2140479,The Accountant,2016,R,128,"['Action', 'Crime', 'Drama']",7.3,51,245019,86260045,"[""Gavin O'Connor""]","['Ben Affleck', 'Anna Kendrick', 'J.K. Simmons', 'Jon Bernthal']"
346,tt2096672,Dumb and Dumber To,2014,PG-13,109,['Comedy'],5.6,36,123203,86208010,"['Bobby Farrelly', 'Peter Farrelly']","['Jim Carrey', 'Jeff Daniels', 'Rob Riggle', 'Laurie Holden']"
347,tt4877122,The Emoji Movie,2017,PG,86,"['Animation', 'Adventure', 'Comedy']",3.2,12,51884,86089513,['Tony Leondis'],"['T.J. Miller', 'James Corden', 'Anna Faris', 'Maya Rudolph']"
348,tt1823664,Annie,2014,PG,118,"['Comedy', 'Drama', 'Family']",5.3,33,32501,85911262,['Will Gluck'],"['Quvenzhané Wallis', 'Cameron Diaz', 'Jamie Foxx', 'Rose Byrne']"
349,tt2974918,Alvin and the Chipmunks: The Road Chip,2015,PG,92,"['Animation', 'Adventure', 'Comedy']",5.0,33,15493,85886987,['Walt Becker'],"['Jason Lee', 'Justin Long', 'Matthew Gray Gubler', 'Jesse McCartney']"
350,tt2713180,Fury,2014,R,134,"['Action', 'Drama', 'War']",7.6,64,401239,85817906,['David Ayer'],"['Brad Pitt', 'Shia LaBeouf', 'Logan Lerman', 'Michael Peña']"
351,tt0437086,Alita: Battle Angel,2019,PG-13,122,"['Action', 'Adventure', 'Sci-Fi']",7.3,53,193090,85710210,['Robert Rodriguez'],"['Rosa Salazar', 'Christoph Waltz', 'Jennifer Connelly', 'Mahershala Ali']"
352,tt0433035,Real Steel,2011,PG-13,127,"['Action', 'Drama', 'Family']",7.1,56,288743,85468508,['Shawn Levy'],"['Hugh Jackman', 'Evangeline Lilly', 'Dakota Goyo', 'Anthony Mackie']"
353,tt3717490,Power Rangers,2017,PG-13,124,"['Action', 'Adventure', 'Sci-Fi']",5.9,44,97525,85364450,['Dean Israelite'],"['Dacre Montgomery', 'Naomi Scott', 'RJ Cyler', 'Ludi Lin']"
354,tt6966692,Green Book,2018,PG-13,130,"['Biography', 'Comedy', 'Drama']",8.2,69,295053,85080171,['Peter Farrelly'],"['Viggo Mortensen', 'Mahershala Ali', 'Linda Cardellini', 'Sebastian Maniscalco']"
355,tt1764651,The Expendables 2,2012,R,103,"['Action', 'Adventure', 'Thriller']",6.6,51,283899,85017401,['Simon West'],"['Sylvester Stallone', 'Liam Hemsworth', 'Randy Couture', 'Jean-Claude Van Damme']"
356,tt1536044,Paranormal Activity 2,2010,R,91,['Horror'],5.6,53,95529,84752907,['Tod Williams'],"['Katie Featherston', 'Micah Sloat', 'Molly Ephraim', 'David Bierend']"
357,tt2103254,Tammy,2014,R,97,"['Comedy', 'Romance']",4.9,39,45834,84525432,['Ben Falcone'],"['Melissa McCarthy', 'Susan Sarandon', 'Kathy Bates', 'Allison Janney']"
358,tt3411444,Ferdinand,2017,PG,108,"['Animation', 'Adventure', 'Comedy']",6.7,58,44023,84410380,['Carlos Saldanha'],"['John Cena', 'Kate McKinnon', 'Bobby Cannavale', 'Jack Gore']"
359,tt1570728,"Crazy, Stupid, Love.",2011,PG-13,118,"['Comedy', 'Drama', 'Romance']",7.4,68,450620,84351197,"['Glenn Ficarra', 'John Requa']","['Steve Carell', 'Ryan Gosling', 'Julianne Moore', 'Emma Stone']"
360,tt3322940,Annabelle,2014,R,99,"['Horror', 'Mystery', 'Thriller']",5.4,37,132467,84273813,['John R. Leonetti'],"['Ward Horton', 'Annabelle Wallis', 'Alfre Woodard', 'Tony Amendola']"
361,tt2203939,The Other Woman,2014,PG-13,109,"['Comedy', 'Romance']",6.0,39,126382,83911193,['Nick Cassavetes'],"['Cameron Diaz', 'Leslie Mann', 'Kate Upton', 'Nikolaj Coster-Waldau']"
362,tt1646987,Wrath of the Titans,2012,PG-13,99,"['Action', 'Adventure', 'Fantasy']",5.7,37,176526,83670083,['Jonathan Liebesman'],"['Sam Worthington', 'Liam Neeson', 'Rosamund Pike', 'Ralph Fiennes']"
363,tt2226417,Insidious: Chapter 2,2013,PG-13,106,"['Horror', 'Mystery', 'Thriller']",6.6,40,147422,83586447,['James Wan'],"['Patrick Wilson', 'Rose Byrne', 'Barbara Hershey', 'Lin Shaye']"
364,tt1217613,Battle Los Angeles,2011,PG-13,116,"['Action', 'Sci-Fi']",5.7,37,169813,83552429,['Jonathan Liebesman'],"['Aaron Eckhart', 'Michelle Rodriguez', 'Bridget Moynahan', 'Ramon Rodriguez']"
365,tt1253864,Immortals,2011,R,110,"['Action', 'Drama', 'Fantasy']",6.0,46,156420,83504017,['Tarsem Singh'],"['Henry Cavill', 'Mickey Rourke', 'John Hurt', 'Stephen Dorff']"
366,tt6450186,I Can Only Imagine,2018,PG,110,"['Biography', 'Drama', 'Family']",7.3,30,12752,83482352,"['Andrew Erwin', 'Jon Erwin']","['J. Michael Finley', 'Madeline Carroll', 'Dennis Quaid', 'Trace Adkins']"
367,tt1911658,Penguins of Madagascar,2014,PG,92,"['Animation', 'Adventure', 'Comedy']",6.7,53,75204,83348920,"['Eric Darnell', 'Simon J. Smith']","['Tom McGrath', 'Chris Miller', 'Christopher Knights', 'Conrad Vernon']"
368,tt2140373,Saving Mr. Banks,2013,PG-13,125,"['Biography', 'Comedy', 'Drama']",7.5,65,145658,83301580,['John Lee Hancock'],"['Emma Thompson', 'Tom Hanks', 'Annie Rose Buckley', 'Colin Farrell']"
369,tt6182908,Smallfoot,2018,PG,96,"['Animation', 'Adventure', 'Comedy']",6.6,60,29157,83240103,"['Karey Kirkpatrick', 'Jason Reisig']","['Channing Tatum', 'James Corden', 'Zendaya', 'Common']"
370,tt1860353,Turbo,2013,PG,96,"['Animation', 'Adventure', 'Comedy']",6.4,58,78632,83028128,['David Soren'],"['Ryan Reynolds', 'Paul Giamatti', 'Maya Rudolph', 'Samuel L. Jackson']"
371,tt1033575,The Descendants,2011,R,115,"['Comedy', 'Drama']",7.3,84,227010,82584160,['Alexander Payne'],"['George Clooney', 'Shailene Woodley', 'Amara Miller', 'Nick Krause']"
372,tt1924435,Let's Be Cops,2014,R,104,"['Action', 'Comedy', 'Crime']",6.4,30,124131,82390774,['Luke Greenfield'],"['Jake Johnson', 'Damon Wayans Jr.', 'Rob Riggle', 'Nina Dobrev']"
373,tt3949660,Teenage Mutant Ninja Turtles: Out of the Shadows,2016,PG-13,112,"['Action', 'Adventure', 'Comedy']",6.0,40,80461,82051601,['Dave Green'],"['Megan Fox', 'Will Arnett', 'Tyler Perry', 'Laura Linney']"
374,tt6294822,The Post,2017,PG-13,116,"['Biography', 'Drama', 'History']",7.2,83,120482,81903458,['Steven Spielberg'],"['Meryl Streep', 'Tom Hanks', 'Sarah Paulson', 'Bob Odenkirk']"
375,tt4046784,Maze Runner: The Scorch Trials,2015,PG-13,131,"['Action', 'Adventure', 'Sci-Fi']",6.3,43,209509,81697192,['Wes Ball'],"[""Dylan O'Brien"", 'Kaya Scodelario', 'Thomas Brodie-Sangster', 'Giancarlo Esposito']"
376,tt0477080,Unstoppable,2010,PG-13,98,"['Action', 'Thriller']",6.8,69,177933,81562942,['Tony Scott'],"['Denzel Washington', 'Chris Pine', 'Rosario Dawson', 'Ethan Suplee']"
377,tt2637276,Ted 2,2015,R,115,['Comedy'],6.3,48,174468,81476385,['Seth MacFarlane'],"['Mark Wahlberg', 'Seth MacFarlane', 'Amanda Seyfried', 'Jessica Barth']"
378,tt0879870,Eat Pray Love,2010,PG-13,133,"['Drama', 'Romance']",5.8,50,82275,80574010,['Ryan Murphy'],"['Julia Roberts', 'Javier Bardem', 'Richard Jenkins', 'Viola Davis']"
379,tt5503686,Hustlers,2019,R,110,"['Comedy', 'Crime', 'Drama']",6.3,79,55564,80553967,['Lorene Scafaria'],"['Constance Wu', 'Jennifer Lopez', 'Julia Stiles', 'Mette Towley']"
380,tt1222817,Zookeeper,2011,PG,102,"['Comedy', 'Family', 'Fantasy']",5.2,30,54510,80360843,['Frank Coraci'],"['Kevin James', 'Rosario Dawson', 'Leslie Bibb', 'Ken Jeong']"
381,tt2345759,The Mummy,2017,PG-13,110,"['Action', 'Adventure', 'Fantasy']",5.4,34,164043,80101125,['Alex Kurtzman'],"['Tom Cruise', 'Sofia Boutella', 'Annabelle Wallis', 'Russell Crowe']"
382,tt1051904,Goosebumps,2015,PG,103,"['Adventure', 'Comedy', 'Family']",6.3,60,76331,80080379,['Rob Letterman'],"['Jack Black', 'Dylan Minnette', 'Odeya Rush', 'Ryan Lee']"
383,tt0790724,Jack Reacher,2012,PG-13,130,"['Action', 'Crime', 'Thriller']",7.0,50,294173,80070736,['Christopher McQuarrie'],"['Tom Cruise', 'Rosamund Pike', 'Richard Jenkins', 'Werner Herzog']"
384,tt0989757,Dear John,2010,PG-13,108,"['Drama', 'Romance', 'War']",6.3,43,132943,80014842,['Lasse Hallström'],"['Channing Tatum', 'Amanda Seyfried', 'Richard Jenkins', 'Henry Thomas']"
385,tt1568911,War Horse,2011,PG-13,146,"['Action', 'Adventure', 'Drama']",7.2,72,140886,79884879,['Steven Spielberg'],"['Jeremy Irvine', 'Emily Watson', 'David Thewlis', 'Benedict Cumberbatch']"
386,tt2283336,Men in Black: International,2019,PG-13,114,"['Action', 'Adventure', 'Comedy']",5.6,38,87646,79800736,['F. Gary Gray'],"['Chris Hemsworth', 'Tessa Thompson', 'Kumail Nanjiani', 'Rebecca Ferguson']"
387,tt1077368,Dark Shadows,2012,PG-13,113,"['Comedy', 'Fantasy', 'Horror']",6.2,55,237504,79727149,['Tim Burton'],"['Johnny Depp', 'Michelle Pfeiffer', 'Eva Green', 'Helena Bonham Carter']"
388,tt1219289,Limitless,2011,PG-13,105,"['Sci-Fi', 'Thriller']",7.4,59,507741,79249455,['Neil Burger'],"['Bradley Cooper', 'Anna Friel', 'Abbie Cornish', 'Robert De Niro']"
389,tt4094724,The Purge: Election Year,2016,R,108,"['Action', 'Horror', 'Sci-Fi']",6.0,55,84425,79213375,['James DeMonaco'],"['Frank Grillo', 'Elizabeth Mitchell', 'Mykelti Williamson', 'Joseph Julian Soria']"
390,tt2120120,Pixels,2015,PG-13,105,"['Action', 'Comedy', 'Sci-Fi']",5.5,27,125088,78747585,['Chris Columbus'],"['Adam Sandler', 'Kevin James', 'Michelle Monaghan', 'Peter Dinklage']"
391,tt0471042,Tower Heist,2011,PG-13,104,"['Action', 'Comedy', 'Crime']",6.2,59,128489,78046570,['Brett Ratner'],"['Eddie Murphy', 'Ben Stiller', 'Casey Affleck', 'Alan Alda']"
392,tt2177771,The Monuments Men,2014,PG-13,118,"['Comedy', 'Drama', 'History']",6.1,52,120405,78031620,['George Clooney'],"['George Clooney', 'Matt Damon', 'Bill Murray', 'Cate Blanchett']"
393,tt0983193,The Adventures of Tintin,2011,PG,107,"['Animation', 'Action', 'Adventure']",7.3,68,208446,77591831,['Steven Spielberg'],"['Jamie Bell', 'Andy Serkis', 'Daniel Craig', 'Simon Pegg']"
394,tt6781982,Night School,2018,PG-13,111,['Comedy'],5.6,43,29719,77339130,['Malcolm D. Lee'],"['Kevin Hart', 'Tiffany Haddish', 'Rob Riggle', 'Romany Malco']"
395,tt1047540,Parental Guidance,2012,PG,105,"['Comedy', 'Family']",6.0,36,24211,77267296,['Andy Fickman'],"['Billy Crystal', 'Bette Midler', 'Marisa Tomei', 'Tom Everett Scott']"
396,tt0429493,The A-Team,2010,PG-13,117,"['Action', 'Adventure', 'Thriller']",6.7,47,240011,77222099,['Joe Carnahan'],"['Liam Neeson', 'Bradley Cooper', 'Sharlto Copley', 'Jessica Biel']"
397,tt2567026,Alice Through the Looking Glass,2016,PG,113,"['Adventure', 'Family', 'Fantasy']",6.2,34,85440,77042381,['James Bobin'],"['Mia Wasikowska', 'Johnny Depp', 'Helena Bonham Carter', 'Anne Hathaway']"
398,tt1013743,Knight and Day,2010,PG-13,109,"['Action', 'Adventure', 'Comedy']",6.3,46,173911,76423035,['James Mangold'],"['Tom Cruise', 'Cameron Diaz', 'Peter Sarsgaard', 'Jordi Mollà']"
399,tt1109624,Paddington,2014,PG,95,"['Adventure', 'Comedy', 'Family']",7.2,77,90930,76271832,['Paul King'],"['Hugh Bonneville', 'Sally Hawkins', 'Julie Walters', 'Jim Broadbent']"
400,tt2788732,Pete's Dragon,2016,PG,102,"['Action', 'Adventure', 'Comedy']",6.7,71,51393,76233151,['David Lowery'],"['Bryce Dallas Howard', 'Robert Redford', 'Oakes Fegley', 'Oona Laurence']"
401,tt2361509,The Intern,2015,PG-13,121,"['Comedy', 'Drama']",7.1,51,202036,75764672,['Nancy Meyers'],"['Robert De Niro', 'Anne Hathaway', 'Rene Russo', 'Anders Holm']"
402,tt1598778,Contagion,2011,PG-13,106,"['Action', 'Drama', 'Sci-Fi']",6.6,70,212929,75658097,['Steven Soderbergh'],"['Matt Damon', 'Kate Winslet', 'Jude Law', 'Gwyneth Paltrow']"
403,tt1389137,We Bought a Zoo,2011,PG,124,"['Comedy', 'Drama', 'Family']",7.1,58,130062,75624550,['Cameron Crowe'],"['Matt Damon', 'Scarlett Johansson', 'Thomas Haden Church', 'Elle Fanning']"
404,tt1272878,2 Guns,2013,R,109,"['Action', 'Comedy', 'Thriller']",6.7,55,187447,75612460,['Baltasar Kormákur'],"['Denzel Washington', 'Mark Wahlberg', 'Paula Patton', 'Bill Paxton']"
405,tt1210166,Moneyball,2011,PG-13,133,"['Biography', 'Drama', 'Sport']",7.6,87,340887,75605492,['Bennett Miller'],"['Brad Pitt', 'Robin Wright', 'Jonah Hill', 'Philip Seymour Hoffman']"
406,tt1959563,The Hitman's Bodyguard,2017,R,118,"['Action', 'Comedy', 'Thriller']",6.9,47,173935,75468583,['Patrick Hughes'],"['Ryan Reynolds', 'Samuel L. Jackson', 'Gary Oldman', 'Elodie Yung']"
407,tt3631112,The Girl on the Train,2016,R,112,"['Crime', 'Drama', 'Mystery']",6.5,48,159453,75395035,['Tate Taylor'],"['Emily Blunt', 'Haley Bennett', 'Rebecca Ferguson', 'Justin Theroux']"
408,tt2316204,Alien: Covenant,2017,R,122,"['Horror', 'Sci-Fi', 'Thriller']",6.4,65,239695,74262031,['Ridley Scott'],"['Michael Fassbender', 'Katherine Waterston', 'Billy Crudup', 'Danny McBride']"
409,tt0810913,Jack and Jill,2011,PG,91,['Comedy'],3.3,23,74395,74158157,['Dennis Dugan'],"['Adam Sandler', 'Katie Holmes', 'Al Pacino', 'Elodie Tougne']"
410,tt2091256,Captain Underpants: The First Epic Movie,2017,PG,89,"['Animation', 'Action', 'Comedy']",6.2,69,23477,73921000,['David Soren'],"['Kevin Hart', 'Thomas Middleditch', 'Ed Helms', 'Nick Kroll']"
411,tt0970179,Hugo,2011,PG,126,"['Drama', 'Family', 'Fantasy']",7.5,83,292880,73864507,['Martin Scorsese'],"['Asa Butterfield', 'Chloë Grace Moretz', 'Christopher Lee', 'Ben Kingsley']"
412,tt8350360,Annabelle Comes Home,2019,R,106,"['Horror', 'Mystery', 'Thriller']",5.9,53,45531,73652912,['Gary Dauberman'],"['Vera Farmiga', 'Patrick Wilson', 'Mckenna Grace', 'Madison Iseman']"
413,tt8079248,Yesterday,2019,PG-13,116,"['Comedy', 'Fantasy', 'Music']",6.9,55,79743,73286650,['Danny Boyle'],"['Himesh Patel', 'Lily James', 'Sophia Di Martino', 'Ellise Chappell']"
414,tt7054636,Tyler Perry's A Madea Family Funeral,2019,PG-13,109,['Comedy'],4.4,39,3203,73257045,['Tyler Perry'],"['Tyler Perry', 'Cassi Davis', 'Patrice Lovely', 'Mike Tyson']"
415,tt5325452,Tyler Perry's Boo! A Madea Halloween,2016,PG-13,103,"['Comedy', 'Drama', 'Horror']",4.6,30,7287,73159525,['Tyler Perry'],"['Tyler Perry', 'Cassi Davis', 'Patrice Lovely', 'Yousef Erakat']"
416,tt2334879,White House Down,2013,PG-13,131,"['Action', 'Drama', 'Thriller']",6.4,52,198350,73103784,['Roland Emmerich'],"['Channing Tatum', 'Jamie Foxx', 'Maggie Gyllenhaal', 'Jason Clarke']"
417,tt0401729,John Carter,2012,PG-13,132,"['Action', 'Adventure', 'Sci-Fi']",6.6,51,247671,73078100,['Andrew Stanton'],"['Taylor Kitsch', 'Lynn Collins', 'Willem Dafoe', 'Samantha Morton']"
418,tt0427152,Dinner for Schmucks,2010,PG-13,114,['Comedy'],5.9,56,95145,73026337,['Jay Roach'],"['Steve Carell', 'Paul Rudd', 'Stephanie Szostak', 'Zach Galifianakis']"
419,tt1702443,Justin Bieber: Never Say Never,2011,G,105,"['Documentary', 'Music']",1.6,52,75043,73013910,['Jon M. Chu'],"['Justin Bieber', 'Boyz II Men', 'Miley Cyrus', 'Sean Kingston']"
420,tt1267297,Hercules,2014,PG-13,98,"['Action', 'Adventure', 'Fantasy']",6.0,47,140798,72688614,['Brett Ratner'],"['Dwayne Johnson', 'John Hurt', 'Ian McShane', 'Joseph Fiennes']"
421,tt4624424,Storks,2016,PG,87,"['Animation', 'Adventure', 'Comedy']",6.8,56,52833,72679278,"['Nicholas Stoller', 'Doug Sweetland']","['Andy Samberg', 'Katie Crown', 'Kelsey Grammer', 'Jennifer Aniston']"
422,tt3682448,Bridge of Spies,2015,PG-13,142,"['Drama', 'History', 'Thriller']",7.6,81,273083,72313754,['Steven Spielberg'],"['Tom Hanks', 'Mark Rylance', 'Alan Alda', 'Amy Ryan']"
423,tt1564349,Dolphin Tale,2011,PG,113,"['Drama', 'Family']",6.9,64,21451,72286779,['Charles Martin Smith'],"['Morgan Freeman', 'Ashley Judd', 'Harry Connick Jr.', 'Nathan Gamble']"
424,tt6359956,A Bad Moms Christmas,2017,R,104,['Comedy'],5.6,42,38306,72110659,"['Jon Lucas', 'Scott Moore']","['Mila Kunis', 'Kristen Bell', 'Kathryn Hahn', 'Jay Hernandez']"
425,tt1179933,10 Cloverfield Lane,2016,PG-13,103,"['Drama', 'Horror', 'Mystery']",7.2,76,274197,72082998,['Dan Trachtenberg'],"['John Goodman', 'Mary Elizabeth Winstead', 'John Gallagher Jr.', 'Douglas M. Griffin']"
426,tt2975578,The Purge: Anarchy,2014,R,103,"['Action', 'Horror', 'Sci-Fi']",6.4,50,130628,71962800,['James DeMonaco'],"['Frank Grillo', 'Carmen Ejogo', 'Zach Gilford', 'Kiele Sanchez']"
427,tt2023587,Mama,2013,PG-13,100,"['Horror', 'Thriller']",6.2,57,163786,71628180,['Andy Muschietti'],"['Jessica Chastain', 'Nikolaj Coster-Waldau', 'Megan Charpentier', 'Isabelle Nélisse']"
428,tt1702439,Safe Haven,2013,PG-13,115,"['Drama', 'Romance', 'Thriller']",6.7,34,100069,71349120,['Lasse Hallström'],"['Julianne Hough', 'Josh Duhamel', 'Cobie Smulders', 'David Lyons']"
429,tt3450650,Paul Blart: Mall Cop 2,2015,PG,94,"['Action', 'Comedy', 'Crime']",4.4,13,32409,71038190,['Andy Fickman'],"['Kevin James', 'Raini Rodriguez', 'Eduardo Verástegui', 'Daniella Alonso']"
430,tt2017020,The Smurfs 2,2013,PG,105,"['Animation', 'Adventure', 'Comedy']",5.3,34,35738,71017784,['Raja Gosnell'],"['Neil Patrick Harris', 'Jayma Mays', 'Katy Perry', 'Hank Azaria']"
431,tt1411238,No Strings Attached,2011,R,108,"['Comedy', 'Romance']",6.2,50,203974,70662220,['Ivan Reitman'],"['Natalie Portman', 'Ashton Kutcher', 'Kevin Kline', 'Cary Elwes']"
432,tt2083355,The Best Man Holiday,2013,R,123,"['Comedy', 'Drama']",6.7,59,14410,70525195,['Malcolm D. Lee'],"['Monica Calhoun', 'Morris Chestnut', 'Melissa De Sousa', 'Taye Diggs']"
433,tt1596363,The Big Short,2015,R,130,"['Biography', 'Comedy', 'Drama']",7.8,81,330803,70259870,['Adam McKay'],"['Christian Bale', 'Steve Carell', 'Ryan Gosling', 'Brad Pitt']"
434,tt1591479,Act of Valor,2012,R,110,"['Action', 'Adventure', 'Drama']",6.5,40,64662,70012847,"['Mike McCoy', 'Scott Waugh']","['Alex Veadov', 'Roselyn Sanchez', 'Nestor Serrano', 'Rorke Denver']"
435,tt6133466,The First Purge,2018,R,98,"['Action', 'Horror', 'Sci-Fi']",5.1,54,47570,69488745,['Gerard McMurray'],"[""Y'lan Noel"", 'Lex Scott Davis', 'Joivan Wade', 'Steve Harris']"
436,tt2704998,Game Night,2018,R,100,"['Action', 'Comedy', 'Crime']",6.9,66,183288,69179066,"['John Francis Daley', 'Jonathan Goldstein']","['Jason Bateman', 'Rachel McAdams', 'Kyle Chandler', 'Sharon Horgan']"
437,tt7343762,Good Boys,2019,R,90,"['Adventure', 'Comedy']",6.7,60,42141,69056735,['Gene Stupnitsky'],"['Jacob Tremblay', 'Keith L. Williams', 'Brady Noon', 'Molly Gordon']"
438,tt6857166,Book Club,2018,PG-13,104,"['Comedy', 'Drama', 'Romance']",6.1,53,22150,68566296,['Bill Holderman'],"['Diane Keaton', 'Jane Fonda', 'Candice Bergen', 'Mary Steenburgen']"
439,tt1854564,Percy Jackson: Sea of Monsters,2013,PG,106,"['Adventure', 'Family', 'Fantasy']",5.8,39,105620,68559554,['Thor Freudenthal'],"['Logan Lerman', 'Alexandra Daddario', 'Brandon T. Jackson', 'Nathan Fillion']"
440,tt2119543,The House with a Clock in Its Walls,2018,PG,105,"['Comedy', 'Family', 'Fantasy']",6.0,57,39408,68549695,['Eli Roth'],"['Jack Black', 'Cate Blanchett', 'Owen Vaccaro', 'Kyle MacLachlan']"
441,tt5758778,Skyscraper,2018,PG-13,102,"['Action', 'Adventure', 'Thriller']",5.8,51,92497,68420120,['Rawson Marshall Thurber'],"['Dwayne Johnson', 'Neve Campbell', 'Chin Han', 'Roland Møller']"
442,tt1396218,Mr. Popper's Penguins,2011,PG,94,"['Comedy', 'Family', 'Fantasy']",6.0,53,83669,68224452,['Mark Waters'],"['Jim Carrey', 'Carla Gugino', 'Angela Lansbury', 'Ophelia Lovibond']"
443,tt3832914,War Room,2015,PG,120,['Drama'],6.5,26,12352,67790117,['Alex Kendrick'],"['Priscilla C. Shirer', 'T.C. Stallings', 'Karen Abercrombie', 'Beth Moore']"
444,tt5726086,Insidious: The Last Key,2018,PG-13,103,"['Horror', 'Mystery', 'Thriller']",5.7,49,47605,67745330,['Adam Robitel'],"['Lin Shaye', 'Leigh Whannell', 'Angus Sampson', 'Kirk Acevedo']"
445,tt1243957,The Tourist,2010,PG-13,103,"['Action', 'Adventure', 'Crime']",6.0,37,213766,67631157,['Florian Henckel von Donnersmarck'],"['Johnny Depp', 'Angelina Jolie', 'Paul Bettany', 'Timothy Dalton']"
446,tt1758830,This Is 40,2012,R,134,"['Comedy', 'Romance']",6.2,59,122014,67544505,['Judd Apatow'],"['Paul Rudd', 'Leslie Mann', 'Maude Apatow', 'Iris Apatow']"
447,tt7401588,Instant Family,2018,PG-13,118,"['Comedy', 'Drama']",7.3,57,67061,67363237,['Sean Anders'],"['Mark Wahlberg', 'Rose Byrne', 'Isabela Merced', 'Gustavo Escobar']"
448,tt1606378,A Good Day to Die Hard,2013,R,98,"['Action', 'Thriller']",5.3,28,192723,67349198,['John Moore'],"['Bruce Willis', 'Jai Courtney', 'Sebastian Koch', 'Mary Elizabeth Winstead']"
449,tt4786282,Lights Out,2016,PG-13,81,"['Drama', 'Horror', 'Mystery']",6.3,58,107190,67268835,['David F. Sandberg'],"['Teresa Palmer', 'Gabriel Bateman', 'Maria Bello', 'Billy Burke']"
450,tt2119532,Hacksaw Ridge,2016,R,139,"['Biography', 'Drama', 'History']",8.1,71,396009,67209615,['Mel Gibson'],"['Andrew Garfield', 'Sam Worthington', 'Luke Bracey', 'Teresa Palmer']"
451,tt6189022,Angel Has Fallen,2019,R,121,"['Action', 'Thriller']",6.4,45,52727,67162153,['Ric Roman Waugh'],"['Gerard Butler', 'Frederick Schmidt', 'Danny Huston', 'Rocci Williams']"
452,tt1038919,The Bounty Hunter,2010,PG-13,110,"['Action', 'Comedy', 'Romance']",5.6,22,116708,67061228,['Andy Tennant'],"['Jennifer Aniston', 'Gerard Butler', 'Gio Perez', 'Joel Marsh Garland']"
453,tt1698641,"Alexander and the Terrible, Horrible, No Good, Very Bad Day",2014,PG,81,"['Comedy', 'Family']",6.2,54,38784,66954149,['Miguel Arteta'],"['Steve Carell', 'Jennifer Garner', 'Ed Oxenbould', 'Dylan Minnette']"
454,tt1524137,Contraband,2012,R,109,"['Action', 'Crime', 'Drama']",6.5,51,113456,66528000,['Baltasar Kormákur'],"['Mark Wahlberg', 'Giovanni Ribisi', 'Kate Beckinsale', 'Robert Wahlberg']"
455,tt1276104,Looper,2012,R,113,"['Action', 'Crime', 'Drama']",7.4,84,515253,66486205,['Rian Johnson'],"['Joseph Gordon-Levitt', 'Bruce Willis', 'Emily Blunt', 'Paul Dano']"
456,tt1588173,Warm Bodies,2013,PG-13,98,"['Comedy', 'Horror', 'Romance']",6.9,60,212928,66380662,['Jonathan Levine'],"['Nicholas Hoult', 'Teresa Palmer', 'John Malkovich', 'Analeigh Tipton']"
457,tt3410834,Allegiant,2016,PG-13,120,"['Action', 'Adventure', 'Mystery']",5.7,33,101271,66184051,['Robert Schwentke'],"['Shailene Woodley', 'Theo James', 'Jeff Daniels', 'Naomi Watts']"
458,tt2268016,Magic Mike XXL,2015,R,115,"['Comedy', 'Drama', 'Music']",5.6,60,49987,66013057,['Gregory Jacobs'],"['Channing Tatum', 'Joe Manganiello', 'Matt Bomer', 'Adam Rodriguez']"
459,tt6565702,X-Men: Dark Phoenix,2019,PG-13,113,"['Action', 'Adventure', 'Sci-Fi']",5.8,43,125792,65845974,['Simon Kinberg'],"['James McAvoy', 'Michael Fassbender', 'Jennifer Lawrence', 'Nicholas Hoult']"
460,tt2215285,Madea's Witness Protection,2012,PG-13,114,"['Comedy', 'Crime', 'Drama']",4.9,42,9764,65653242,['Tyler Perry'],"['Tyler Perry', 'Eugene Levy', 'Denise Richards', 'Tom Arnold']"
461,tt1440129,Battleship,2012,PG-13,131,"['Action', 'Adventure', 'Sci-Fi']",5.8,41,229576,65422625,['Peter Berg'],"['Alexander Skarsgård', 'Brooklyn Decker', 'Liam Neeson', 'Rihanna']"
462,tt3567288,The Visit,2015,PG-13,94,"['Horror', 'Mystery', 'Thriller']",6.2,55,107033,65206105,['M. Night Shyamalan'],"['Olivia DeJonge', 'Ed Oxenbould', 'Deanna Dunagan', 'Peter McRobbie']"
463,tt1351685,Jack the Giant Slayer,2013,PG-13,114,"['Adventure', 'Fantasy']",6.2,51,127128,65187603,['Bryan Singer'],"['Nicholas Hoult', 'Stanley Tucci', 'Ewan McGregor', 'Bill Nighy']"
464,tt2239832,Think Like a Man Too,2014,PG-13,106,"['Comedy', 'Romance']",5.8,38,19089,65182182,['Tim Story'],"['Kevin Hart', 'Gabrielle Union', 'Wendi McLendon-Covey', 'La La Anthony']"
465,tt3110958,Now You See Me 2,2016,PG-13,129,"['Action', 'Adventure', 'Comedy']",6.5,46,230005,65075540,['Jon M. Chu'],"['Jesse Eisenberg', 'Mark Ruffalo', 'Woody Harrelson', 'Dave Franco']"
466,tt1528100,Exodus: Gods and Kings,2014,PG-13,150,"['Action', 'Drama', 'Fantasy']",6.0,52,154525,65014513,['Ridley Scott'],"['Christian Bale', 'Joel Edgerton', 'Ben Kingsley', 'Sigourney Weaver']"
467,tt1981677,Pitch Perfect,2012,PG-13,112,"['Comedy', 'Music', 'Romance']",7.2,66,264794,65001093,['Jason Moore'],"['Anna Kendrick', 'Brittany Snow', 'Rebel Wilson', 'Anna Camp']"
468,tt1667353,Mirror Mirror,2012,PG,106,"['Adventure', 'Comedy', 'Drama']",5.6,46,81192,64935167,['Tarsem Singh'],"['Lily Collins', 'Julia Roberts', 'Armie Hammer', 'Nathan Lane']"
469,tt1706593,Chronicle,2012,PG-13,84,"['Drama', 'Sci-Fi', 'Thriller']",7.0,69,233775,64575175,['Josh Trank'],"['Dane DeHaan', 'Alex Russell', 'Michael B. Jordan', 'Michael Kelly']"
470,tt1753383,A Dog's Purpose,2017,PG,100,"['Adventure', 'Comedy', 'Drama']",7.2,43,60489,64508620,['Lasse Hallström'],"['Josh Gad', 'Dennis Quaid', 'Peggy Lipton', 'Bryce Gheisar']"
471,tt2184339,The Purge,2013,R,85,"['Horror', 'Thriller']",5.7,41,191893,64473115,['James DeMonaco'],"['Ethan Hawke', 'Lena Headey', 'Max Burkholder', 'Adelaide Kane']"
472,tt0884732,The Wedding Ringer,2015,R,101,['Comedy'],6.6,35,68512,64460211,['Jeremy Garelick'],"['Kevin Hart', 'Josh Gad', 'Kaley Cuoco', 'Affion Crockett']"
473,tt1821658,The Nut Job,2014,PG,85,"['Animation', 'Adventure', 'Comedy']",5.7,37,25397,64251541,['Peter Lepeniotis'],"['Will Arnett', 'Brendan Fraser', 'Liam Neeson', 'Katherine Heigl']"
474,tt3416828,Ice Age: Collision Course,2016,PG,94,"['Animation', 'Adventure', 'Comedy']",5.7,34,52286,64063008,"['Mike Thurmeier', 'Galen T. Chu']","['Ray Romano', 'Denis Leary', 'John Leguizamo', 'Chris Wedge']"
475,tt1402488,Happy Feet Two,2011,PG,100,"['Animation', 'Adventure', 'Comedy']",5.9,50,39845,64006466,"['George Miller', 'Gary Eck', 'David Peers']","['Elijah Wood', 'Robin Williams', 'Pink', 'Carlos Alazraqui']"
476,tt1196141,Diary of a Wimpy Kid,2010,PG,94,"['Comedy', 'Drama', 'Family']",6.2,56,40226,64003625,['Thor Freudenthal'],"['Zachary Gordon', 'Robert Capron', 'Rachael Harris', 'Steve Zahn']"
477,tt1204975,Last Vegas,2013,PG-13,105,"['Comedy', 'Drama']",6.6,48,124195,63914167,['Jon Turteltaub'],"['Robert De Niro', 'Michael Douglas', 'Morgan Freeman', 'Kevin Kline']"
478,tt5580390,The Shape of Water,2017,R,123,"['Adventure', 'Drama', 'Fantasy']",7.3,87,339917,63859435,['Guillermo del Toro'],"['Sally Hawkins', 'Octavia Spencer', 'Michael Shannon', 'Doug Jones']"
479,tt1401152,Unknown,2011,PG-13,113,"['Action', 'Mystery', 'Thriller']",6.8,56,240258,63686397,['Jaume Collet-Serra'],"['Liam Neeson', 'Diane Kruger', 'January Jones', 'Aidan Quinn']"
480,tt1535438,Hope Springs,2012,PG-13,100,"['Comedy', 'Drama', 'Romance']",6.3,65,39472,63536011,['David Frankel'],"['Meryl Streep', 'Tommy Lee Jones', 'Steve Carell', 'Jean Smart']"
481,tt0963966,The Sorcerer's Apprentice,2010,PG,109,"['Action', 'Adventure', 'Family']",6.1,46,147737,63150991,['Jon Turteltaub'],"['Nicolas Cage', 'Jay Baruchel', 'Alfred Molina', 'Teresa Palmer']"
482,tt1179056,A Nightmare on Elm Street,2010,R,95,"['Crime', 'Drama', 'Horror']",5.2,35,88637,63075011,['Samuel Bayer'],"['Jackie Earle Haley', 'Rooney Mara', 'Kyle Gallner', 'Katie Cassidy']"
483,tt2702724,The Boss,2016,R,99,['Comedy'],5.4,40,41042,63034755,['Ben Falcone'],"['Melissa McCarthy', 'Kristen Bell', 'Peter Dinklage', 'Ella Anderson']"
484,tt1294226,The Last Song,2010,PG,107,"['Drama', 'Music', 'Romance']",6.0,33,77670,62950384,['Julie Anne Robinson'],"['Miley Cyrus', 'Liam Hemsworth', 'Greg Kinnear', 'Bobby Coleman']"
485,tt3387520,Scary Stories to Tell in the Dark,2019,PG-13,108,"['Adventure', 'Horror', 'Mystery']",6.2,61,43504,62739086,['André Øvredal'],"['Zoe Margaret Colletti', 'Michael Garza', 'Gabriel Rush', 'Austin Abrams']"
486,tt3300542,London Has Fallen,2016,R,99,"['Action', 'Thriller']",5.9,28,135902,62678608,['Babak Najafi'],"['Gerard Butler', 'Aaron Eckhart', 'Morgan Freeman', 'Angela Bassett']"
487,tt1355683,Black Mass,2015,R,123,"['Biography', 'Crime', 'Drama']",6.9,68,160826,62575678,['Scott Cooper'],"['Johnny Depp', 'Benedict Cumberbatch', 'Dakota Johnson', 'Joel Edgerton']"
488,tt1385826,The Adjustment Bureau,2011,PG-13,106,"['Romance', 'Sci-Fi', 'Thriller']",7.0,60,233803,62495645,['George Nolfi'],"['Matt Damon', 'Emily Blunt', 'Lisa Thoreson', 'Florence Kastriner']"
489,tt1496025,Underworld Awakening,2012,R,88,"['Action', 'Drama', 'Fantasy']",6.4,39,141595,62321039,"['Måns Mårlind', 'Björn Stein']","['Kate Beckinsale', 'Michael Ealy', 'India Eisley', 'Stephen Rea']"
490,tt0780653,The Wolfman,2010,R,103,"['Drama', 'Fantasy', 'Horror']",5.8,43,100074,61979680,['Joe Johnston'],"['Benicio Del Toro', 'Anthony Hopkins', 'Emily Blunt', 'Simon Merrells']"
491,tt1731141,Ender's Game,2013,PG-13,114,"['Action', 'Adventure', 'Fantasy']",6.6,51,216481,61737191,['Gavin Hood'],"['Harrison Ford', 'Asa Butterfield', 'Hailee Steinfeld', 'Abigail Breslin']"
492,tt4257926,Miracles from Heaven,2016,PG,109,"['Biography', 'Drama', 'Family']",7.1,44,18948,61693523,['Patricia Riggen'],"['Jennifer Garner', 'Kylie Rogers', 'Martin Henderson', 'Brighton Sharbino']"
493,tt1860357,Deepwater Horizon,2016,PG-13,107,"['Action', 'Drama', 'History']",7.1,68,140946,61433527,['Peter Berg'],"['Mark Wahlberg', 'Kurt Russell', 'Douglas M. Griffin', 'James DuMont']"
494,tt1392214,Prisoners,2013,R,153,"['Crime', 'Drama', 'Mystery']",8.1,74,555720,61002302,['Denis Villeneuve'],"['Hugh Jackman', 'Jake Gyllenhaal', 'Viola Davis', 'Melissa Leo']"
495,tt1226229,Get Him to the Greek,2010,R,109,"['Comedy', 'Music']",6.4,65,164610,60974475,['Nicholas Stoller'],"['Jonah Hill', 'Russell Brand', 'Elisabeth Moss', 'Rose Byrne']"
496,tt2528814,God's Not Dead,2014,PG,113,['Drama'],4.7,16,38956,60755732,['Harold Cronk'],"['Shane Harper', 'Kevin Sorbo', 'David A.R. White', 'Dean Cain']"
497,tt1815862,After Earth,2013,PG-13,100,"['Action', 'Adventure', 'Sci-Fi']",4.8,33,186202,60522097,['M. Night Shyamalan'],"['Jaden Smith', 'David Denman', 'Will Smith', 'Sophie Okonedo']"
498,tt1327194,The Lucky One,2012,PG-13,101,"['Drama', 'Mystery', 'Romance']",6.5,39,97355,60457138,['Scott Hicks'],"['Zac Efron', 'Taylor Schilling', 'Blythe Danner', 'Riley Thomas Stewart']"
499,tt4501244,Why Him?,2016,R,111,['Comedy'],6.2,39,95177,60323786,['John Hamburg'],"['Zoey Deutch', 'James Franco', 'Tangie Ambrose', 'Cedric the Entertainer']"
